x,y,density,phase,narrative,attention
0.0,0.0,1.302865042540608e-09,-2.234072936646926,4.024590315821176,0.017065493854619855
0.0,0.2,1.1443531492548328e-07,-1.148485610025423,5.971245133565282,0.040938453220782434
0.0,0.4,2.832069632444751e-06,2.2754034891540256,7.964083000740434,0.07648570094742115
0.0,0.6000000000000001,1.907157117570004e-05,0.12479965521716554,9.591103154641042,0.11129908756908202
0.0,0.8,3.636750979929685e-05,-3.0493983931721047,10.526601168859738,0.12618170421607935
0.0,1.0,1.8961469717240943e-05,-3.0421328902523523,10.728446132503619,0.11165761315356243
0.0,1.2000000000000002,2.7939479168057268e-06,0.7518682137943372,10.508443782453393,0.07807215034088406
0.0,1.4000000000000001,1.1180436420232537e-07,2.395702184356065,10.40013723455805,0.04675389173304385
0.0,1.6,7.307630604538693e-11,2.055668909435425,10.873115277817849,0.03444333759372071
0.0,1.8,1.1006901785087325e-07,2.102553187333272,12.04741253215509,0.04675389173304385
0.0,2.0,2.7959526077785424e-06,-2.975970370481599,13.577219269461509,0.07807215034088408
0.0,2.2,1.8992084267614107e-05,1.0600897908922535,14.787993062962814,0.11165761315356242
0.0,2.4000000000000004,3.6642256123534496e-05,-0.5693607388642848,15.00677081403483,0.12618170421607935
0.0,2.6,1.905804886037833e-05,0.5948233487902419,13.902550516728358,0.11129908756908202
0.0,2.8000000000000003,2.834701763945056e-06,3.0302020854338623,11.639183515626398,0.07648570094742115
0.0,3.0,1.1391665669783966e-07,1.8215810557004308,8.76295857970801,0.04093845322078243
0.2,0.0,1.1449739260582021e-07,0.8508876937994638,5.969996272491739,0.040938453220782434
0.2,0.2,1.0085820103727835e-05,-2.243858485100104,8.876732115096003,0.09820913290857691
0.2,0.4,0.00024717269075695363,0.3885663198918292,11.878251268708972,0.18349410274496358
0.2,0.6000000000000001,0.001695892154326874,2.7369661829500265,14.375562764934124,0.26704943033207074
0.2,0.8,0.003191348943677724,-3.1052602738238897,15.890086637979925,0.302868752128038
0.2,1.0,0.0016976473150081242,-0.15955562116938546,16.347942063539808,0.2682711541319903
0.2,1.2000000000000002,0.00024555956121715506,0.08455765075737422,16.181163250296553,0.18806692217408572
0.2,1.4000000000000001,9.999555060422448e-06,-1.2298962267252282,16.138860361129982,0.11329381751124516
0.2,1.6,6.927053148612266e-12,1.9696579956154645,16.880300814068367,0.08391369937254094
0.2,1.8,1.0038448424470465e-05,-1.4036482367236554,18.5691525125693,0.11329381751124516
0.2,2.0,0.0002463596305155262,-1.0067907854434646,20.708652366101646,0.18806692217408572
0.2,2.2,0.0017003178120644441,-0.9065362954806881,22.337156530536532,0.2682711541319904
0.2,2.4000000000000004,0.0032132187827628458,1.86867221580129,22.49986287979495,0.302868752128038
0.2,2.6,0.0017048439831939548,-2.63905963930888,20.736416169771445,0.2670494303320707
0.2,2.8000000000000003,0.0002475904497757075,2.0075998193705193,17.300276324330728,0.18349410274496358
0.2,3.0,1.0092904373811353e-05,3.024688877855335,12.995460349001663,0.09820913290857693
0.4,0.0,2.8158161615248795e-06,-1.7301665246111682,7.958423832579426,0.07648570094742115
0.4,0.2,0.00024827043233914233,0.9425657800733304,11.87233451729663,0.18349410274496358
0.4,0.4,0.006098981434038242,-2.041657091177113,15.966259429253686,0.34288662149211996
0.4,0.6000000000000001,0.04135171144349703,-0.8399204450851486,19.466516499838963,0.4992041422948339
0.4,0.8,0.07896391972525607,0.478612446505279,21.744380955134673,0.566721807287362
0.4,1.0,0.041289819235514315,0.762272676479267,22.677992703290247,0.5033233165566111
0.4,1.2000000000000002,0.006053914390594813,-2.9527812964891313,22.780837009939063,0.3553255770683384
0.4,1.4000000000000001,0.00024711244321436193,2.3678630809937813,22.964893969897343,0.21743589205957953
0.4,1.6,2.069809320975779e-11,2.224285918583861,24.03274724961108,0.16331511946835364
0.4,1.8,0.0002455627375355923,-1.221396200969897,26.17334814201557,0.21743589205957953
0.4,2.0,0.006064792225845428,0.8863465564023665,28.75799549033891,0.35532557706833834
0.4,2.2,0.04145059727403941,-1.2040512457168835,30.584910451004635,0.5033233165566111
0.4,2.4000000000000004,0.07857862866769745,3.0418186787422026,30.470559882742055,0.566721807287362
0.4,2.6,0.04151376213384684,-1.1373722772470338,27.864069293191797,0.4992041422948338
0.4,2.8000000000000003,0.006068332807030204,-2.301689511781026,23.12437780639464,0.34288662149211996
0.4,3.0,0.0002495076073255775,2.018745140122315,17.30984982921888,0.18349410274496358
0.6000000000000001,0.0,1.9156297944252018e-05,1.3998071837721695,9.57289337926761,0.11129908756908202
0.6000000000000001,0.2,0.0016896655873967932,1.7641500461189987,14.351570742948033,0.26704943033207074
0.6000000000000001,0.4,0.04145713266527708,-0.5748606335707135,19.44407030996515,0.4992041422948339
0.6000000000000001,0.6000000000000001,0.2847967269420211,2.5137857024739145,23.96468052174087,0.7275032095113418
0.6000000000000001,0.8,0.5369524559953679,1.7814220555698888,27.173729785623053,0.8281098029637104
0.6000000000000001,1.0,0.2834748315476301,-1.734913261919762,28.881911855773886,0.7407608810584926
0.6000000000000001,1.2000000000000002,0.04140963733996589,-1.0009137328510138,29.59315543784558,0.5327111468191078
0.6000000000000001,1.4000000000000001,0.0016588277276781802,2.4221247597061613,30.24686673981949,0.3392161389431469
0.6000000000000001,1.6,9.840208705158836e-08,-1.5658209016831703,31.669971628033718,0.26350841477680864
0.6000000000000001,1.8,0.0016829912897659014,-0.6775949050376826,34.03720748525358,0.33921613894314684
0.6000000000000001,2.0,0.04149662816969573,0.5366133241705149,36.65433384801415,0.5327111468191079
0.6000000000000001,2.2,0.2830426103888104,1.6173114605157637,38.22283147070847,0.7407608810584926
0.6000000000000001,2.4000000000000004,0.53490845489372,0.32470718439522445,37.48249212628079,0.8281098029637105
0.6000000000000001,2.6,0.2838406266399659,-1.3361267055235406,33.88521695675723,0.7275032095113418
0.6000000000000001,2.8000000000000003,0.04155353584064112,0.6479174407000247,27.900387991325555,0.4992041422948339
0.6000000000000001,3.0,0.0016868433550609875,2.3296157964526225,20.77523607680377,0.2670494303320707
0.8,0.0,3.6316750416349525e-05,-0.42596585059272823,10.477717812087402,0.12618170421607935
0.8,0.2,0.0032195119410743803,-3.123326623540881,15.821004797776329,0.302868752128038
0.8,0.4,0.07879204018197102,-0.7636420516776352,21.6629346817931,0.566721807287362
0.8,0.6000000000000001,0.5368277656320634,-2.4640031777207256,27.105544281359172,0.8281098029637104
0.8,0.8,1.0180164231080666,-2.6315827141724397,31.365245817765118,0.9494290762364672
0.8,1.0,0.5363299816664494,2.5028234912896763,34.16579163212202,0.8655087248408277
0.8,1.2000000000000002,0.07839465106155483,-1.9743141949216803,35.87606436894487,0.6521534234789857
0.8,1.4000000000000001,0.0029458551082973032,0.7540191090538065,37.271639968458814,0.4548244180243
0.8,1.6,3.620881171379309e-05,1.2608817540137394,39.03625141451153,0.37837586662043593
0.8,1.8,0.0034262779281897795,1.0524080364737403,41.27851433255239,0.4548244180243
0.8,2.0,0.07916434076390114,-1.1857165658186497,43.34063197703602,0.6521534234789857
0.8,2.2,0.5369712527782615,-1.767914625920711,44.04033691864446,0.8655087248408277
0.8,2.4000000000000004,1.0125202316890871,-0.8732517976398287,42.26292450221391,0.9494290762364672
0.8,2.6,0.5387684752808356,2.1045746402473657,37.592818589719776,0.8281098029637105
0.8,2.8000000000000003,0.07871270198849262,-1.0262418696295783,30.60234272126573,0.566721807287362
0.8,3.0,0.0032065967834901247,-2.888518942595706,22.61163964524975,0.302868752128038
1.0,0.0,1.9187222123590833e-05,-1.4386397010037109,10.614018954029008,0.11165761315356243
1.0,0.2,0.0016882760130490938,-1.3032839591271546,16.18199659884152,0.2682711541319903
1.0,0.4,0.04163373299456097,1.2057168501659201,22.468140602054405,0.5033233165566111
1.0,0.6000000000000001,0.2833562259988226,2.7790050958652164,28.660517930953784,0.7407608810584926
1.0,0.8,0.5356666158902238,0.2947019528886921,33.99993547593719,0.8655087248408277
1.0,1.0,0.28157774420544374,0.48352279347060395,38.109621339827946,0.8274449680804685
1.0,1.2000000000000002,0.038501236835805495,-0.31570060943715816,41.10937626221925,0.6925871364597735
1.0,1.4000000000000001,0.0016747123341071678,-2.689318310550121,43.43494435669382,0.5707737444322398
1.0,1.6,0.0032137619537927035,-2.1600798487741932,45.47382126391252,0.5256034419837055
1.0,1.8,0.005049982370744456,2.5120996036822847,47.22528510212791,0.5707737444322398
1.0,2.0,0.045045544251130505,-2.91989132107136,48.170554672387816,0.6925871364597735
1.0,2.2,0.28427557408140963,-1.563667553525214,47.45054095476252,0.8274449680804685
1.0,2.4000000000000004,0.5353635524056417,0.19845732469047067,44.30869781659496,0.8655087248408277
1.0,2.6,0.2833094983426172,2.3211499222561756,38.58105436597015,0.7407608810584927
1.0,2.8000000000000003,0.041609519273117436,0.1964669531042436,30.924458283414822,0.5033233165566112
1.0,3.0,0.0016893188543031777,-1.053848487053307,22.60566193269726,0.2682711541319903
1.2000000000000002,0.0,2.8038517166306776e-06,-2.7039068025903545,10.271189061872777,0.07807215034088406
1.2000000000000002,0.2,0.0002485136521022005,2.730554266880415,15.83356417403258,0.18806692217408572
1.2000000000000002,0.4,0.006085028327011865,1.5114351542960918,22.32975046873452,0.3553255770683384
1.2000000000000002,0.6000000000000001,0.041549951823568146,1.0478841011453812,29.082705845163876,0.5327111468191078
1.2000000000000002,0.8,0.07817768559425071,1.4370622335697691,35.394171725481286,0.6521534234789857
1.2000000000000002,1.0,0.038683185180525916,2.9351317882643655,40.786332580899575,0.6925871364597735
1.2000000000000002,1.2000000000000002,0.006082509458091423,2.9363783943921913,45.08394870558429,0.6982058418666085
1.2000000000000002,1.4000000000000001,0.03856385652943849,2.2806914297449166,48.30983751263609,0.7108389792324471
1.2000000000000002,1.6,0.07904423083691087,-0.2149904532435565,50.49430697867471,0.7208930669777593
1.2000000000000002,1.8,0.04477774424087504,0.9306886750451949,51.5182916847543,0.7108389792324471
1.2000000000000002,2.0,0.018192983107677665,-2.1926290365228667,51.061107185984135,0.6982058418666085
1.2000000000000002,2.2,0.04483877096802203,-2.3366037933363746,48.693250328613956,0.6925871364597735
1.2000000000000002,2.4000000000000004,0.079805129536222,-1.6841837176678272,44.12035065308866,0.6521534234789857
1.2000000000000002,2.6,0.04161358222216916,0.20039004630917007,37.480258638516716,0.5327111468191078
1.2000000000000002,2.8000000000000003,0.006060651278960232,0.3496744697536565,29.487868845875475,0.3553255770683384
1.2000000000000002,3.0,0.00024766681002459976,2.2470281759918866,21.27107948595483,0.18806692217408572
1.4000000000000001,0.0,1.1770775648780514e-07,1.2026522946848697,9.961751898762056,0.04675389173304385
1.4000000000000001,0.2,1.0163563170543026e-05,2.4076975704543635,15.49393516545956,0.11329381751124516
1.4000000000000001,0.4,0.0002501247760970913,1.2250955521577191,22.11938512890612,0.21743589205957953
1.4000000000000001,0.6000000000000001,0.0016945341546007007,2.676564491255012,29.265018272439345,0.3392161389431469
1.4000000000000001,0.8,0.0030123427539428776,-0.41748870739527805,36.27741992055015,0.4548244180243
1.4000000000000001,1.0,0.0017190529228105656,-1.0837229198467861,42.59504933202585,0.5707737444322398
1.4000000000000001,1.2000000000000002,0.03864891520636709,-2.049800135017492,47.806010996496504,0.7108389792324471
1.4000000000000001,1.4000000000000001,0.28144133056967985,-3.0252903657269647,51.60591006108896,0.852222901892413
1.4000000000000001,1.6,0.5387754205408483,-0.20319378515129397,53.74820607354594,0.9152124048867699
1.4000000000000001,1.8,0.2852786451035007,2.508811099765612,54.03620221252828,0.852222901892413
1.4000000000000001,2.0,0.04501215281284358,2.7472187908466057,52.33350011230159,0.7108389792324471
1.4000000000000001,2.2,0.005062319087470241,1.9861197601957947,48.5842637990226,0.5707737444322398
1.4000000000000001,2.4000000000000004,0.003488633590795995,-1.2131982180235044,42.88719616236517,0.45482441802429996
1.4000000000000001,2.6,0.001717702218625442,-2.4126611368259905,35.62587167727664,0.33921613894314684
1.4000000000000001,2.8000000000000003,0.0002508358226469686,1.8234452306763478,27.541410184527887,0.21743589205957953
1.4000000000000001,3.0,1.0178891316315034e-05,-2.365720001124003,19.612663399365218,0.11329381751124516
1.6,0.0,3.5676686561182653e-09,2.829243085486604,10.14949355993073,0.0344433375937207
1.6,0.2,3.460029726601028e-07,-2.410009088263177,15.813961164491944,0.08391369937254094
1.6,0.4,8.389269432796461e-06,1.4606254752292283,22.628983764996875,0.16331511946835364
1.6,0.6000000000000001,5.7897999851999106e-05,-0.5922256427687923,30.023145276422433,0.2635084147768086
1.6,0.8,0.0001461656846627121,0.01325262096918819,37.324978885420194,0.37837586662043593
1.6,1.0,0.003255203927192883,-2.020651862025586,43.923212315402445,0.5256034419837055
1.6,1.2000000000000002,0.07852162211170059,0.4277304262791223,49.32213904648012,0.7208930669777592
1.6,1.4000000000000001,0.5368392466902482,-2.448849944485968,53.119002898691974,0.9152124048867699
1.6,1.6,1.0201276741147074,1.4196979642673697,54.99731676659448,1.0
1.6,1.8,0.538776122962934,2.803181453474794,54.766278196288994,0.91521240488677
1.6,2.0,0.07836677542490754,-2.220919528633188,52.39091453348824,0.7208930669777593
1.6,2.2,0.0032909414633936485,-1.6693786685619565,47.982759245861615,0.5256034419837055
1.6,2.4000000000000004,0.00014553514229407444,1.9056902155850861,41.80514853059529,0.37837586662043593
1.6,2.6,5.756184183378399e-05,3.041939100384739,34.33459263850974,0.26350841477680864
1.6,2.8000000000000003,8.422062806004255e-06,-3.0554610277876915,26.304084279882833,0.16331511946835364
1.6,3.0,3.326654108464288e-07,-1.5353199447497856,18.605674610634665,0.08391369937254094
1.8,0.0,1.1668077699937146e-07,-2.0200616848958974,10.979310599368652,0.04675389173304385
1.8,0.2,1.0167026120834509e-05,-2.3884237262904744,16.994095822176252,0.11329381751124516
1.8,0.4,0.0002511346877416097,-0.9008063419723502,24.09640210720925,0.21743589205957953
1.8,0.6000000000000001,0.0017104075245326486,0.11011270297513215,31.590575475966435,0.3392161389431469
1.8,0.8,0.0035049213534483776,-1.2362404667437092,38.7100852581014,0.4548244180243
1.8,1.0,0.005086447800144367,-2.1663550861843577,44.83701189781954,0.5707737444322398
1.8,1.2000000000000002,0.04518035199472162,-2.5776729150713305,49.58181545314357,0.7108389792324471
1.8,1.4000000000000001,0.28415117757810987,1.007445556245858,52.7262821965331,0.852222901892413
1.8,1.6,0.5371025540531663,2.8842363820060224,54.137075021435045,0.9152124048867699
1.8,1.8,0.2813242954508335,-1.6099369956204352,53.72540516951295,0.852222901892413
1.8,2.0,0.038586268259535574,2.8572479587740527,51.44312187378857,0.7108389792324471
1.8,2.2,0.0017104465123464585,0.10102850335759632,47.29925157568536,0.5707737444322398
1.8,2.4000000000000004,0.003001965273686707,-1.268894004956185,41.42744550861397,0.4548244180243
1.8,2.6,0.0016942300935520026,-1.0892985173745018,34.20560048880954,0.33921613894314684
1.8,2.8000000000000003,0.0002497770370813812,2.6176510979331566,26.32546324701327,0.21743589205957953
1.8,3.0,1.0199097075972056e-05,-1.5315564456987645,18.687355620393827,0.11329381751124518
2.0,0.0,2.8268755455669286e-06,-0.7614884138510423,12.16684014191297,0.07807215034088406
2.0,0.2,0.00024724857993494527,-2.2796235726717606,18.62827387229721,0.18806692217408572
2.0,0.4,0.006080198090546843,-0.5621882140250468,26.012815011295046,0.3553255770683384
2.0,0.6000000000000001,0.04165114959535347,-0.93429628501643,33.415080008869,0.5327111468191078
2.0,0.8,0.07927583529996993,3.0173436001623464,39.926081945261544,0.6521534234789857
2.0,1.0,0.04513457981118789,0.051225719391825894,44.96297492764865,0.6925871364597735
2.0,1.2000000000000002,0.018361958242235445,-1.458427779184685,48.3921663388043,0.6982058418666085
2.0,1.4000000000000001,0.04490266492413879,-3.1094734856980786,50.39702388069085,0.7108389792324471
2.0,1.6,0.07844136885604788,1.2275215591772937,51.21874660129363,0.7208930669777593
2.0,1.8,0.038587896624255574,1.1277810800128751,50.939295357648966,0.7108389792324471
2.0,2.0,0.006058950219179586,0.679134635122205,49.40238571028416,0.6982058418666085
2.0,2.2,0.03864467733839978,-0.049169106593842694,46.29934931083294,0.6925871364597735
2.0,2.4000000000000004,0.0783054612983066,1.666473851202422,41.40092237664302,0.6521534234789857
2.0,2.6,0.041543459245543056,0.4739465665583313,34.834378247771035,0.5327111468191079
2.0,2.8000000000000003,0.006095881787250134,-3.105459954684841,27.222632330284736,0.35532557706833834
2.0,3.0,0.0002478145131207076,2.5151066393561443,19.54728636273644,0.18806692217408572
2.2,0.0,1.912495518772061e-05,1.8313892522048287,13.121691657939163,0.11165761315356243
2.2,0.2,0.0016940353019900276,0.4252270456936657,19.878994057647375,0.2682711541319903
2.2,0.4,0.04151634902701621,-1.1521474726906542,27.340303268151448,0.5033233165566111
2.2,0.6000000000000001,0.2830729904026758,0.09030719280876434,34.39162348505106,0.7407608810584926
2.2,0.8,0.536907189707853,-0.39933314356297744,39.99499842521868,0.8655087248408277
2.2,1.0,0.2847800914475434,2.053619023908972,43.634716183081395,0.8274449680804685
2.2,1.2000000000000002,0.04500022294290345,3.0306290839580887,45.485670583874786,0.6925871364597735
2.2,1.4000000000000001,0.005037669225446652,-0.18908555695536874,46.19599059471425,0.5707737444322398
2.2,1.6,0.003208185348119648,1.9710632211301764,46.43215029735152,0.5256034419837055
2.2,1.8,0.0016876786711562512,-2.900528816305089,46.459356551017414,0.5707737444322398
2.2,2.0,0.03863196380143786,1.5039187907588203,45.97630562951324,0.6925871364597735
2.2,2.2,0.28189298038552413,0.7275933396418646,44.28375551552182,0.8274449680804685
2.2,2.4000000000000004,0.5362589599094544,1.4492885522775163,40.71128681048324,0.8655087248408277
2.2,2.6,0.2831818774609093,-0.994019116078413,35.08093659453757,0.7407608810584927
2.2,2.8000000000000003,0.04137689684107654,1.5390942537596972,27.927877405288765,0.5033233165566112
2.2,3.0,0.0016949775290807639,0.8087007082572493,20.325332494543947,0.2682711541319904
2.4000000000000004,0.0,3.626523766705583e-05,-1.2247523578432045,13.245218550604935,0.12618170421607935
2.4000000000000004,0.2,0.003209939670178418,-1.6764603103639226,19.901060054424864,0.302868752128038
2.4000000000000004,0.4,0.07864408840772626,2.221183304561933,27.0399177926976,0.566721807287362
2.4000000000000004,0.6000000000000001,0.5369883230772562,1.6879452730920403,33.43046811561985,0.8281098029637104
2.4000000000000004,0.8,1.0176594629759717,1.824341998590861,37.98147652192567,0.9494290762364672
2.4000000000000004,1.0,0.5375621650306567,1.9907901627393958,40.26335932316916,0.8655087248408277
2.4000000000000004,1.2000000000000002,0.07952602115947732,1.186602732235419,40.70580062131417,0.6521534234789857
2.4000000000000004,1.4000000000000001,0.0034419649776674297,1.5159014973830125,40.31876708791419,0.4548244180243
2.4000000000000004,1.6,3.614643094709874e-05,-0.6784862814114433,40.09387600150396,0.37837586662043593
2.4000000000000004,1.8,0.002948919875288752,0.9460237667820612,40.43322546070528,0.4548244180243
2.4000000000000004,2.0,0.07852862312153781,-2.5814946320089556,40.91902973317942,0.6521534234789857
2.4000000000000004,2.2,0.5362265768284218,-0.9810074556752816,40.54543065429839,0.8655087248408277
2.4000000000000004,2.4000000000000004,1.018294593085956,-1.1428392065456578,38.29277417093607,0.9494290762364674
2.4000000000000004,2.6,0.5371752649028135,2.2809190800686214,33.73004235810312,0.8281098029637105
2.4000000000000004,2.8000000000000003,0.07847370294032546,2.2068876361253884,27.295276460062578,0.566721807287362
2.4000000000000004,3.0,0.00322931767322127,-0.2803955978182712,20.095037939487966,0.30286875212803793
2.6,0.0,1.9385341717611298e-05,1.8929726579179507,12.23617059947425,0.11129908756908202
2.6,0.2,0.001694434782976026,-0.35246737467226025,18.277971943490137,0.26704943033207074
2.6,0.4,0.04166702017207064,-1.9406401925893115,24.61855732396999,0.4992041422948339
2.6,0.6000000000000001,0.2837759553161737,-1.8743046391023044,30.051409003104116,0.7275032095113418
2.6,0.8,0.5355168215821348,-0.2429302495040926,33.54079457905885,0.8281098029637104
2.6,1.0,0.28212059751961,-1.8149847905265277,34.749846380312746,0.7407608810584926
2.6,1.2000000000000002,0.04143931661859622,0.54564424351838,34.241004799371545,0.5327111468191078
2.6,1.4000000000000001,0.0016730615262904776,2.4556454934868546,33.1792396679895,0.3392161389431469
2.6,1.6,1.2472675376278393e-07,0.5809331279368047,32.68776628689847,0.26350841477680864
2.6,1.8,0.001669596094125679,2.599886531992957,33.22375202142939,0.33921613894314684
2.6,2.0,0.04159693251606108,2.5474993040130878,34.323928655089304,0.5327111468191079
2.6,2.2,0.28307832852574233,-1.4232404647153245,34.859542669717456,0.7407608810584927
2.6,2.4000000000000004,0.537826377001091,0.6682588191843766,33.661856853839254,0.8281098029637105
2.6,2.6,0.28365634301563547,3.0958767537906224,30.1679120970913,0.7275032095113418
2.6,2.8000000000000003,0.04128877364693095,-0.7457690785111251,24.717865176934428,0.4992041422948339
2.6,3.0,0.001690142258212302,-2.963815837715485,18.35340908250319,0.2670494303320707
2.8000000000000003,0.0,2.822368698881776e-06,-0.11726728992564145,10.228615408924423,0.07648570094742115
2.8000000000000003,0.2,0.0002486016409640777,1.0664986307821023,15.219219649340824,0.18349410274496358
2.8000000000000003,0.4,0.006105768481805356,-2.4542947533926074,20.37701950408696,0.34288662149211996
2.8000000000000003,0.6000000000000001,0.04154136053753031,2.749548023720331,24.65487602210375,0.4992041422948339
2.8000000000000003,0.8,0.07876923393607031,-2.7258493059890396,27.171700631221277,0.566721807287362
2.8000000000000003,1.0,0.04145897166155924,1.4925651302088205,27.679851100561624,0.5033233165566111
2.8000000000000003,1.2000000000000002,0.006046314823370477,-0.03337111495171854,26.74268836683162,0.3553255770683384
2.8000000000000003,1.4000000000000001,0.0002450070983727619,2.251928790272798,25.46446414972158,0.21743589205957953
2.8000000000000003,1.6,1.3101991881391783e-10,-0.4801024052292941,24.900320795268637,0.16331511946835364
2.8000000000000003,1.8,0.0002440261686274167,1.2379905130564797,25.479954406022063,0.21743589205957953
2.8000000000000003,2.0,0.006077646991918785,-2.1529331412268187,26.771545789080196,0.35532557706833834
2.8000000000000003,2.2,0.04130104184001513,0.8046144567983128,27.718025304052926,0.5033233165566112
2.8000000000000003,2.4000000000000004,0.07879667084101495,1.3794364001715018,27.213830186721005,0.566721807287362
2.8000000000000003,2.6,0.04169065570309565,-0.7171418352214757,24.69541898706063,0.4992041422948339
2.8000000000000003,2.8000000000000003,0.006067551192301284,-1.8520278718265457,20.411578541661722,0.34288662149211996
2.8000000000000003,3.0,0.0002475111978071425,1.2529557060618228,15.245471701357475,0.18349410274496358
3.0,0.0,1.1418488842113344e-07,-0.5589398286947993,7.694499948875935,0.040938453220782434
3.0,0.2,1.0120701199677642e-05,2.8335407485117567,11.419123592003098,0.09820913290857691
3.0,0.4,0.00024686518536775037,-0.8555387789211429,15.22879315422897,0.18349410274496358
3.0,0.6000000000000001,0.001696918322706898,2.5273742969800232,18.316791850522474,0.26704943033207074
3.0,0.8,0.0032074535163004966,1.870376381361302,20.012836819879674,0.302868752128038
3.0,1.0,0.0016917565523987578,0.31471359634258617,20.147499459808095,0.2682711541319903
3.0,1.2000000000000002,0.00024789161748309696,-3.050578132745785,19.190700992150393,0.18806692217408572
3.0,1.4000000000000001,9.94933128815614e-06,1.513050028515403,18.037606708972174,0.11329381751124516
3.0,1.6,5.855814473789698e-13,-0.2707656838707373,17.539334961058252,0.08391369937254094
3.0,1.8,1.0020749912649203e-05,-0.1057230486502416,18.042430424723417,0.11329381751124518
3.0,2.0,0.00024869566762373305,2.7614793240476,19.199687286472468,0.18806692217408572
3.0,2.2,0.0016920089771378002,-1.410449849306476,20.159387029845664,0.2682711541319904
3.0,2.4000000000000004,0.0032039348185292963,2.340196829829379,20.025956099284375,0.30286875212803793
3.0,2.6,0.0016882804860961647,2.974988355107366,18.3294170605171,0.2670494303320707
3.0,2.8000000000000003,0.00024718130429628117,1.4721848084237679,15.239554949945141,0.18349410274496358
3.0,3.0,1.0116174540768617e-05,-2.1675115134884857,11.427298565635457,0.09820913290857693
