condition,trial,beta,g,alpha,delay_ms,phi_final,phi_mean,phi_max,stability
Controle,0,0.7981583282042074,1.802286846366801,4.67499661046576e-12,107.86277436758867,5.508120249668872e-10,1.092494638082154e-08,4.7174661467858395e-08,0.9999999864322391
Controle,1,0.7942336031672123,1.596163395003867,3.8708816897892465e-12,103.13588009260064,6.151142825698686e-10,1.052835695236799e-08,3.908358262200503e-08,0.9999999877369289
Controle,2,0.861587605259161,1.828781477618169,4.426372115735727e-12,98.79323064741182,7.525492828862821e-10,1.1137047641315433e-08,4.1076365924648916e-08,0.9999999879583449
Controle,3,0.8743376266408492,1.5587623594543791,4.0846501925766e-12,100.76554479089661,1.0157613712953589e-10,8.339599612719211e-09,4.03657532055509e-08,0.9999999872869957
Controle,4,0.7984897503109767,1.8313400722727735,4.53117855788046e-12,107.84754229186599,2.829915403207568e-10,9.446913879182338e-09,4.174510034346826e-08,0.9999999878077498
Controle,5,0.8917850986684517,1.736822657338663,4.643433894392601e-12,105.72499656497456,7.607212911227943e-10,9.99038804337491e-09,3.758012404977149e-08,0.999999989796787
Controle,6,0.8185659170604141,1.8975121926877676,4.557247602259725e-12,98.26269042662699,1.63392169740576e-09,9.478952754977284e-09,3.838955597287899e-08,0.9999999899680548
Controle,7,0.7744531402432058,1.8874618636046516,4.497163577130072e-12,109.71372147747293,3.75512772956313e-10,1.1775028274242967e-08,3.7349878118008195e-08,0.9999999885447882
Controle,8,0.8283232979497903,1.7322411889958365,4.0291971625456826e-12,95.33132114084363,2.2751437094222564e-09,1.478042678673656e-08,4.390313726221312e-08,0.9999999886586729
Controle,9,0.8257640565244185,1.5945938281296648,3.996431295086789e-12,90.71775457645288,1.1654102771623372e-10,7.808580267317403e-09,2.96023526484218e-08,0.999999990171376
Controle,10,0.7665993548258164,1.6608062869989266,3.929933852123253e-12,98.92900182222726,2.8893295152348493e-10,1.090732954065826e-08,4.275771488028e-08,0.999999986358991
Controle,11,0.7569231164944727,1.6206090503182398,4.467103216498842e-12,107.7603968849295,2.681679131079912e-11,6.3545694852401446e-09,4.175653118047969e-08,0.9999999873032018
Controle,12,0.7313663940380186,1.6689294381977149,4.500241649075607e-12,100.0216310505408,4.481028555499525e-10,1.1912129702893514e-08,3.851760581765754e-08,0.9999999871378186
Controle,13,0.8623785695258291,1.6307705298514517,4.514998610537679e-12,100.12158694427853,7.309764327034341e-11,7.208132554032594e-09,3.702025167076027e-08,0.9999999888119117
Controle,14,0.7307679685195348,1.6405573825962583,4.284428444244625e-12,104.27194518849963,1.860068761628205e-11,9.038992409382797e-09,3.73212292273775e-08,0.9999999861236024
Controle,15,0.8249726555131365,1.5578646929906825,4.246972903634281e-12,95.31236079402473,8.323707823717225e-10,9.387647704157186e-09,3.666169514409905e-08,0.9999999898163182
Controle,16,0.8582621742887354,1.6330934072473822,4.415987903978998e-12,91.15762039169448,4.4738726757878246e-10,1.1172799009592174e-08,3.669316344993056e-08,0.9999999889239951
Controle,17,0.7720110528547147,1.6303689662068652,4.248530437389899e-12,92.68409380023331,1.0143308876963897e-09,9.874355860032667e-09,3.932039930373996e-08,0.9999999887999694
Controle,18,0.7803703295845111,1.884792756142117,4.2040153753103545e-12,105.79150591638988,3.4798307776884205e-10,1.2792270816670659e-08,4.1096072669373374e-08,0.9999999867347453
Controle,19,0.8573414203112957,1.6356139215701049,4.562461565892377e-12,99.60102260606757,7.84803188700526e-12,5.916318295920199e-09,4.0130511708113975e-08,0.9999999878359372
Controle,20,0.7460242969564336,1.6649786474203874,4.590569436355477e-12,105.77042805854728,1.2550105946957974e-09,1.6662140932731035e-08,3.84907457014258e-08,0.9999999873346065
Controle,21,0.8820270103778817,1.8825574943794445,4.1358559820467026e-12,99.12728504631288,3.702239449633631e-09,1.3631314497983702e-08,3.67802557687404e-08,0.9999999897523243
Controle,22,0.8768921865003969,1.7631334446829359,4.639117818905831e-12,106.9328267587245,1.2691843379072097e-09,1.555258277360384e-08,3.76666904958905e-08,0.9999999881138112
Controle,23,0.7470900116227618,1.7812569990080511,3.940435195255791e-12,108.13253131510746,7.56157035881806e-09,2.398491765635005e-08,4.50359380467432e-08,0.9999999890056895
Controle,24,0.8193571463144704,1.7273376043892692,4.542982622694328e-12,93.4700092006357,3.349594842652505e-11,8.434425570219263e-09,3.946399015598376e-08,0.9999999871088149
Controle,25,0.7890226852594509,1.6847394676572038,4.389705082663502e-12,100.75967739369709,2.6038164298881042e-09,1.6265943017030345e-08,3.8392210981336855e-08,0.9999999897946222
Controle,26,0.885312272576688,1.7912817628988589,3.971270545360656e-12,101.97107145674997,4.949223664589007e-11,6.874331352475156e-09,4.027316949375214e-08,0.9999999878508173
Controle,27,0.8844612947775197,1.5874265151147298,4.049223824342998e-12,96.36034843291169,3.806035187128432e-10,1.1184103081202403e-08,4.3247999620558725e-08,0.9999999870576854
Controle,28,0.7898404861111797,1.8080688709411146,4.5007811031700735e-12,100.96166101817354,1.535871782589804e-11,4.957548558156629e-09,3.673098621301075e-08,0.9999999890753434
Controle,29,0.7919175974874113,1.8960803564130815,4.541661553209757e-12,99.70887284880584,2.846728546819428e-10,1.0760753290987892e-08,4.524928377052924e-08,0.999999986084317
Controle,30,0.7299264487932364,1.667549764806286,4.511135543943085e-12,90.57224668051941,7.670037531899389e-11,7.162361060165759e-09,3.861651512907727e-08,0.9999999883232132
Controle,31,0.8832948552697075,1.8295936842501397,3.962867586126621e-12,96.71679526471004,2.1957259917767403e-10,1.0076284023565641e-08,4.5104939662839674e-08,0.9999999857446431
Controle,32,0.7304273169084107,1.901643832685609,4.228425168496217e-12,91.36906613365718,4.145410304976139e-09,1.3030953033323652e-08,3.532251254252136e-08,0.9999999910452767
Controle,33,0.8458428475926426,1.8248460462596012,3.850076700014947e-12,104.32679958570905,6.193428598810075e-10,1.1976291664309523e-08,4.234359697020874e-08,0.9999999877608684
Controle,34,0.7350501965367356,1.8356063140446524,4.392094695154966e-12,104.86126729253031,7.532518374507246e-10,1.079813112785674e-08,4.380773386364792e-08,0.9999999882055491
Controle,35,0.7600890806683882,1.7067243584064569,4.116430590903674e-12,104.16849945372144,1.9077443416137143e-10,1.474335559992282e-08,4.1920225853432615e-08,0.999999983453207
Controle,36,0.8902930064950075,1.638416718261277,4.637031970977693e-12,98.00454768988979,3.846304136333128e-10,9.540152926559374e-09,3.795512406070546e-08,0.9999999877626232
Controle,37,0.7861426463616807,1.8972537507636849,4.638162036367778e-12,95.22801780183218,1.9706613694650058e-10,9.079392271368088e-09,3.6332020326581206e-08,0.9999999883861451
Controle,38,0.8509816461654618,1.8660254624990278,4.295700238505025e-12,95.06056402382193,1.0623931903710336e-10,6.983318588200492e-09,3.8755264227091826e-08,0.99999998862148
Controle,39,0.7648642504899269,1.849873889084711,4.277793211269069e-12,103.8280641440392,1.2444964556657358e-10,8.95566253633707e-09,4.190893682081652e-08,0.999999987460256
Controle,40,0.7365094801530541,1.8104870938767497,4.6776730321842336e-12,95.21045503625037,6.606941292794098e-11,8.773935910199583e-09,4.0243240657583264e-08,0.9999999871232873
Controle,41,0.8821693381655821,1.8411611095579237,3.958562528829752e-12,92.64860121573003,3.793334778590108e-10,1.2707686256544748e-08,3.9834339012748954e-08,0.9999999855545896
Controle,42,0.7616247302527717,1.624687774312378,4.058370728717762e-12,90.98632730912554,9.046505833772265e-11,7.021506913163421e-09,3.4405505331001115e-08,0.9999999892337251
Controle,43,0.7484726603742493,1.770777083606886,4.460366484131679e-12,102.14310403626105,3.9671918863844145e-11,7.724586185563407e-09,4.1517476736443955e-08,0.9999999872236384
Controle,44,0.8265247826635376,1.5754135559329716,4.2067453937406114e-12,103.17921165063844,1.65570210809621e-10,1.016436365143674e-08,3.983706252590971e-08,0.9999999865069025
Controle,45,0.8059157290867565,1.8696193166872328,4.2748293572484515e-12,93.61982648792876,1.191750231043205e-10,8.303115730141635e-09,4.2915471287428394e-08,0.9999999874126301
Controle,46,0.7641307494683748,1.8019884600779286,4.268220915143451e-12,108.44697813590618,1.1423946970794781e-10,7.830600563756363e-09,4.093086947502403e-08,0.9999999876051263
Controle,47,0.8012828640437548,1.8931548851929538,4.264370649147141e-12,105.057927783815,1.0137181835142177e-10,8.929710034362828e-09,3.880936309300802e-08,0.9999999877261202
Controle,48,0.8860913290301783,1.8570866543145,4.285141287548275e-12,107.12211624891772,8.794178464987226e-10,1.3528852142313657e-08,4.11084474686465e-08,0.9999999879661258
Controle,49,0.8636790738115927,1.9003562730318755,4.545469683539463e-12,99.85238261942784,9.218584026288098e-11,1.0187445202784882e-08,4.103253370452071e-08,0.9999999869078096
Controle,50,0.7519718651826486,1.6410593222807601,4.110624503420768e-12,98.32078941026754,1.2745674108285115e-09,1.2755821125676103e-08,4.1352250624130674e-08,0.999999988649802
Controle,51,0.8376408645133459,1.9016978844369634,4.6272087671223104e-12,105.29520792387663,9.35522185248646e-10,1.5550978522830684e-08,4.220089854534195e-08,0.9999999873148643
Controle,52,0.787070498785012,1.7658192370986328,4.537743284389612e-12,95.41372955451361,3.4115342976952606e-10,8.382829674704493e-09,4.334021909057618e-08,0.9999999873875104
Controle,53,0.8331991049264704,1.7067254272895487,4.256110075457091e-12,98.99489023209192,6.792530755195577e-10,8.917289936488726e-09,4.441867726391794e-08,0.9999999873790825
Controle,54,0.7375657126485186,1.5610391659195975,4.3591771676163896e-12,94.57475905674066,1.2238928767371075e-08,2.0404682365078977e-08,5.768710767685845e-08,0.9999999845477545
Controle,55,0.874549119450875,1.6560567227737473,4.468448745458425e-12,94.20654389665948,2.4653124311281244e-10,9.425739275914774e-09,4.061648514177581e-08,0.9999999877814237
Controle,56,0.857317066861577,1.8053189353569146,4.550189158011659e-12,102.99930182524352,3.285013685521231e-10,1.0218312608133251e-08,4.477144988513558e-08,0.9999999868733926
Controle,57,0.8298607060041479,1.856510791253281,4.203558716351481e-12,98.4565684971825,1.1717996766089092e-09,1.5942035680094065e-08,3.8249659930312104e-08,0.9999999883085581
Controle,58,0.8454686725496712,1.8384903000608015,4.229452522666134e-12,102.42628453239587,7.061600361264343e-10,1.0495468754348692e-08,3.7928154168956295e-08,0.9999999881145484
Controle,59,0.8598504493532493,1.8911944529540303,4.2480147813413355e-12,90.64746302431304,2.0089467512686705e-09,1.5080473637437575e-08,3.851163165099784e-08,0.9999999898183641
Controle,60,0.8180105325304783,1.6705887905298202,4.405440676312324e-12,100.60933043221527,9.288421656839693e-10,1.3624692706348534e-08,3.9462675925386e-08,0.9999999876159341
Controle,61,0.8612139248124102,1.6178272278592862,3.854721782121511e-12,101.35627240949047,1.797950313810658e-10,8.5154301430657e-09,3.738556273318519e-08,0.9999999887843581
Controle,62,0.7740816277625883,1.6519382174069914,4.041029411833674e-12,99.70286115453148,1.6622931808256683e-10,9.087496583054414e-09,3.7638092132807764e-08,0.9999999881979872
Controle,63,0.7704628258452196,1.7246845698086157,4.593462615928153e-12,105.67613679111996,6.87532572398478e-11,9.078936712433563e-09,3.817936313915636e-08,0.9999999873859146
Controle,64,0.8220143345751936,1.7363526355370482,4.184135845088767e-12,101.1583602050903,2.4683304997890595e-09,1.2440037818476922e-08,3.5746546994871844e-08,0.9999999908256741
Controle,65,0.796296437455573,1.836687062729466,4.437332666845151e-12,93.66634783967581,2.287275115066677e-10,1.0164468587376147e-08,4.369665553395902e-08,0.9999999868025922
Controle,66,0.8455208316484837,1.7412397010304974,4.283837103670328e-12,108.09251055528222,3.637860949231059e-10,1.1758021954891934e-08,4.232579510121519e-08,0.9999999871220723
Controle,67,0.7444786067124152,1.6060715499877554,3.927758142218671e-12,101.03173292203489,1.5132155412707824e-10,1.0680066422008938e-08,4.026876115458047e-08,0.9999999855529367
Controle,68,0.7504819053908984,1.7948453539755345,4.691217656674905e-12,95.51593688246722,2.7571897303932143e-10,1.1808871184878813e-08,3.758765385249314e-08,0.9999999870078338
Controle,69,0.7656973276911393,1.832374196096773,4.4095882005251496e-12,97.01431865326448,2.6713947007246054e-10,9.631464032521151e-09,4.3401776373079065e-08,0.999999987192392
Controle,70,0.7805862061209061,1.8397983472343147,4.559809871612951e-12,90.40428037739542,1.7073648462483115e-09,1.3184311408286805e-08,4.113200468716998e-08,0.9999999886384757
Controle,71,0.7589554716439756,1.8879616708505198,4.154892520336025e-12,103.93875169897673,5.576685592825923e-10,9.631191026961717e-09,3.988584413459711e-08,0.9999999884756966
Controle,72,0.7529073048707586,1.7727713601304533,4.136114034658957e-12,91.5593537249756,2.1571015925635868e-08,2.0570462929868448e-08,3.6593236345271294e-08,0.999999993928709
Controle,73,0.7420198942941222,1.7888672621582093,4.664524991676768e-12,96.14301386580286,2.2021825005402613e-11,8.640280985849833e-09,4.070396172601858e-08,0.9999999869928193
Controle,74,0.7707488962680844,1.6830072227323323,4.3227735445044505e-12,106.55971179726956,7.494188846993896e-10,8.964918308934037e-09,3.373253257228108e-08,0.9999999906035982
Controle,75,0.8212169036559751,1.8844852449434477,4.237780970396421e-12,91.17493181542683,3.353239451946725e-10,9.156082079057088e-09,4.020006847288233e-08,0.9999999879616269
Controle,76,0.7491682262699739,1.636773604763866,4.014095458416284e-12,92.13859173295218,1.9259388034927657e-09,1.3445962361646611e-08,4.532601060009009e-08,0.9999999878474232
Controle,77,0.8224381261933104,1.8333721962653193,4.017741251246529e-12,97.47743256154479,2.940212448208667e-11,5.867462001420911e-09,3.7802866801085177e-08,0.9999999886205179
Controle,78,0.864687925806633,1.5699053234787108,3.863494141590743e-12,108.14463917237813,1.4433451995578387e-10,8.106975790566796e-09,3.72397218581847e-08,0.9999999881732599
Controle,79,0.7778549855236193,1.7572231963852618,4.398948830146473e-12,108.1452235833797,1.565516569426739e-09,1.1070591478012048e-08,3.589626526388951e-08,0.9999999901083899
Controle,80,0.7448046095763942,1.5815762054839275,3.860580238951786e-12,106.85295995226483,4.4493335296654946e-09,1.2521258260304962e-08,4.0118295232574654e-08,0.999999989740476
Controle,81,0.8467433782474846,1.6333008831143785,4.460032768076419e-12,101.31472850210986,6.277543152665234e-10,1.2060663678422378e-08,4.276581100935662e-08,0.9999999871595074
Controle,82,0.7693939867669908,1.6556659809065806,4.257855992037647e-12,104.21352211603335,8.222055754242508e-10,9.801948167432628e-09,4.0338748339453086e-08,0.9999999880829836
Controle,83,0.8476008940889871,1.8308959952384094,3.919175547308666e-12,109.20913673326633,1.5182236991489517e-10,7.353159368561915e-09,3.880022129581086e-08,0.9999999887343708
Controle,84,0.8336245998337495,1.7623833711664791,4.331667645160277e-12,99.98266216782592,2.3167568193867298e-10,1.2085801057946921e-08,4.2805617765746094e-08,0.9999999855099946
Controle,85,0.7493947828139158,1.7442027060009089,4.025275370583924e-12,92.3028784515979,9.974744554266355e-11,7.970594863825728e-09,3.47025009681556e-08,0.9999999888340804
Controle,86,0.770083833961309,1.6513601010527545,4.425095448590565e-12,99.2132318886746,9.169331632046548e-10,1.6307537506191873e-08,4.0714761171286074e-08,0.9999999857450981
Controle,87,0.7654397715780392,1.6275244006693024,4.362190468423583e-12,90.429065736685,3.936962135199509e-09,1.7235253235541727e-08,3.9271986111940895e-08,0.9999999908445664
Controle,88,0.7392569247561733,1.658159011895095,3.991440416949522e-12,103.15283902208203,7.253367785564596e-10,1.2651023150234579e-08,3.744114577943512e-08,0.9999999893177575
Controle,89,0.7670497576680705,1.638623638551345,3.9304564542406446e-12,102.18884113333455,3.5499575612417386e-09,1.5795634772090043e-08,3.9206726862922796e-08,0.9999999905729023
Controle,90,0.8817574534846216,1.7295529450834861,3.9373005464578855e-12,106.55147387015388,2.453949597479631e-10,8.630889142063458e-09,4.3052142811722353e-08,0.999999987311068
Controle,91,0.760025011635659,1.8557255656506764,4.532606102209366e-12,99.39995549339793,1.5698413688612139e-10,8.053825436128296e-09,3.9922142548885824e-08,0.9999999879701836
Controle,92,0.881106910689521,1.7490598471929337,4.149147110411161e-12,97.47617279019072,3.3447262905723417e-09,2.040175450573189e-08,3.7153647338873166e-08,0.999999989283059
Controle,93,0.8132520111318875,1.8771120142645419,4.1008271363608854e-12,105.44567798132395,8.376126199380452e-09,1.263607776009251e-08,3.112567231057307e-08,0.99999999182483
Controle,94,0.778479068800129,1.8430216904705097,4.21498414348332e-12,98.52803911322813,7.536380823795742e-11,7.923566791955228e-09,4.4447964132431593e-08,0.9999999867778031
Controle,95,0.8079201584994787,1.8606196527498566,4.562124847632495e-12,103.47585608326271,1.995508793976522e-10,1.3363498034621382e-08,5.0798745145512933e-08,0.9999999820107753
Controle,96,0.8321318956248656,1.699410540702589,4.561703234946245e-12,99.37533607901516,1.8416557907331948e-09,1.0368503104843174e-08,4.108024263160602e-08,0.9999999890174774
Controle,97,0.8740790959962006,1.794274091935273,3.995899507915976e-12,98.465735917146,8.972066144932884e-11,7.583925707278529e-09,4.1034480685949703e-08,0.9999999876452711
Controle,98,0.8672098520424588,1.7938810781254977,4.045165827970203e-12,98.42613569447984,1.0510714874346908e-09,1.0374682168143928e-08,3.4781350031529e-08,0.9999999898782329
Controle,99,0.8711763351780651,1.890804214584167,4.508576577150587e-12,100.55651934078737,2.1668349660402972e-09,1.4374039653377888e-08,3.809242364183732e-08,0.999999989654556
TDAH,0,0.43096663702138305,1.8062428257006906,8.547483046088122e-12,111.71853604165915,2.90356948306546e-10,1.2851868781941393e-08,4.199085957619577e-08,0.9999999865884197
TDAH,1,0.3974807370594729,1.746566972381589,8.364246015269905e-12,106.18001831869417,8.14317652583779e-11,8.64695696171254e-09,3.741502615755501e-08,0.9999999878853617
TDAH,2,0.43336378682484156,1.7777603369406172,7.174441281401726e-12,113.37867142755408,1.6385305335087534e-10,1.2283089958677093e-08,3.921133892775673e-08,0.9999999853004478
TDAH,3,0.41365285932405227,1.7277124500236902,7.800844336946907e-12,107.9049396873283,6.119967806766668e-11,9.46349699103357e-09,4.180467627020032e-08,0.9999999859849149
TDAH,4,0.4258857863206638,1.883645752015399,8.476844123860298e-12,109.88948453343502,2.86062043042326e-10,1.2759493483155797e-08,4.104804488806696e-08,0.9999999863975138
TDAH,5,0.4508623089013594,1.850179414099383,8.575209188479458e-12,105.41577228516923,1.8738764494028613e-10,8.367734785876744e-09,3.774790091396858e-08,0.9999999884675014
TDAH,6,0.4628309363693144,1.6664523172510326,8.36028123857943e-12,115.96075213282931,2.72776985082558e-09,1.498481992187295e-08,3.80956512888592e-08,0.9999999907594018
TDAH,7,0.3891176740452169,1.791111367398734,7.283451620716999e-12,115.8773557461633,3.418590885862848e-10,1.012605644637331e-08,4.090298991865688e-08,0.9999999875782236
TDAH,8,0.40489364759753727,1.7625498067220113,8.068713449699853e-12,102.427153707205,2.517666405903362e-10,8.635984013843668e-09,3.8548776333693604e-08,0.9999999884441274
TDAH,9,0.46233945834446916,1.593222894575966,8.1458017617356e-12,122.14922983884499,1.0605444539911614e-10,7.194849603573811e-09,3.6604872116796984e-08,0.9999999891120578
TDAH,10,0.38302227957300705,1.7714552561195513,7.888746248129282e-12,116.23449513880642,5.204500819128618e-10,9.825236740733716e-09,3.419223592020015e-08,0.9999999885916698
TDAH,11,0.4355660161058016,1.7944026135396776,7.0441644409463086e-12,100.03173045191994,4.325185583342013e-10,8.956621239923674e-09,3.5643577442395355e-08,0.9999999898971009
TDAH,12,0.4634432394260966,1.5843724567686122,7.759410961418362e-12,113.58299063450804,1.3752853283321625e-09,1.221135996916795e-08,3.8944251642374486e-08,0.9999999891069032
TDAH,13,0.41053266750627776,1.6846607294350633,8.054188372798018e-12,107.95435614396654,4.735841960380951e-11,9.357385319806364e-09,3.723102679850528e-08,0.9999999864270599
TDAH,14,0.3999126503503914,1.6962380983599954,7.817860894517275e-12,120.00416957093286,2.4465474232642174e-10,9.436148955442952e-09,3.595104443000902e-08,0.9999999888558991
TDAH,15,0.38522835499819863,1.8550746878932671,8.080955801685349e-12,116.6599857672098,5.4675173342554805e-11,8.564827056243064e-09,3.1982703930165245e-08,0.9999999878717062
TDAH,16,0.4116927168128163,1.6120777708889729,7.64340600360385e-12,114.42995618029624,8.596821768128455e-10,1.0568318304727142e-08,3.904732677544055e-08,0.9999999892717318
TDAH,17,0.4426470904498045,1.6918532101838335,8.184808009755994e-12,105.84376375647415,5.990801558521246e-10,1.6241887152024627e-08,4.7614505918305685e-08,0.9999999831663461
TDAH,18,0.40591166022001013,1.573506571113477,7.560161284934684e-12,104.3951209655055,1.0196974071156828e-10,7.372215398871748e-09,3.809245735468098e-08,0.9999999883998708
TDAH,19,0.45105304979823496,1.7979521552000757,7.317371767798182e-12,109.11398887226429,1.7503500793311189e-10,1.1240699314894694e-08,4.196498209573638e-08,0.9999999856900359
TDAH,20,0.4177419063923282,1.7485061523387755,7.68370804242558e-12,106.08063134210427,9.149851237519992e-11,8.463783601020737e-09,4.1071827147209e-08,0.9999999878348323
TDAH,21,0.43009221067049347,1.7940365884732974,8.083259864537923e-12,121.47076522981844,5.819766747207039e-09,1.233806158399343e-08,3.6370093459582204e-08,0.9999999910295162
TDAH,22,0.41154849658302584,1.8492283982069553,8.133160707295176e-12,113.65384901737116,2.5348401786026486e-10,1.1637923776432554e-08,4.199414917067409e-08,0.9999999869057921
TDAH,23,0.4439802673198249,1.6759928173158292,8.07629295335288e-12,114.03376449455473,2.7819210864811715e-10,9.292467015387553e-09,3.6237474326434276e-08,0.9999999892110462
TDAH,24,0.39896391449319646,1.6582747833971927,7.29213732405711e-12,115.725700802007,6.909132271057052e-11,7.723008861901964e-09,3.5549392799859335e-08,0.9999999883682796
TDAH,25,0.3837425099385887,1.7404583185659257,7.266237640735737e-12,117.45273799340265,3.183770503399497e-10,1.0706535074462511e-08,4.3155985255107866e-08,0.9999999871962294
TDAH,26,0.4505713895491228,1.5885849164596664,7.058211754575641e-12,119.55804743737161,1.708379574905897e-10,8.430343247298583e-09,3.593144813454358e-08,0.999999989137296
TDAH,27,0.4364292889397027,1.8386719933344307,8.040995251355954e-12,119.10004670932874,5.405229578100933e-10,1.316663370655531e-08,4.175258668861438e-08,0.9999999846864265
TDAH,28,0.45124970347240473,1.5702782044764876,7.076779398547132e-12,108.59005663101024,3.3138315166297886e-10,1.2812156114528598e-08,3.971242361378117e-08,0.9999999869294669
TDAH,29,0.3876145757907329,1.901976674827243,8.449911874313339e-12,104.4459564087488,1.6342275333200406e-10,7.388631696512791e-09,3.86442392094746e-08,0.9999999886740117
TDAH,30,0.38745776647269814,1.8415474117027752,7.945910566439105e-12,107.30544763189852,6.312357888077359e-11,8.310662203454294e-09,4.48176222521258e-08,0.9999999861884041
TDAH,31,0.4579624615058077,1.8214622018623634,8.399537072802368e-12,121.43593968009104,4.0888259556696665e-09,1.3220676961445078e-08,3.9562549066505626e-08,0.9999999900134316
TDAH,32,0.4631510765025687,1.6737220734756504,7.914942241295336e-12,110.0762868183233,2.2499046978438794e-09,1.3084941433403393e-08,3.73719324393374e-08,0.9999999908202036
TDAH,33,0.4648751906433037,1.8181024401580022,7.2167933817811216e-12,104.84018921495836,1.2670079964397974e-10,8.965327169580441e-09,4.2367914436777143e-08,0.999999986694508
TDAH,34,0.4102328945433899,1.8602147942136296,7.086767074346157e-12,105.50022125517448,2.4142255875488355e-10,7.761139002077718e-09,3.9764749590936746e-08,0.9999999882014005
TDAH,35,0.395952591827994,1.807505604608096,8.50570246175319e-12,110.06214151714255,1.0102179086537901e-08,1.2024837823668653e-08,3.4227809349732515e-08,0.999999992284366
TDAH,36,0.4566641984216108,1.6771209082677803,7.876075427368743e-12,121.38370356505638,2.094860137095354e-11,6.3899599614688965e-09,4.115567675097299e-08,0.9999999875720246
TDAH,37,0.3877305596613142,1.8132640740048662,8.555457156351602e-12,120.23305940974798,3.5183333598725205e-11,7.277535719102596e-09,3.8297244869915516e-08,0.9999999883194305
TDAH,38,0.45788327643795934,1.9113694432034334,7.464988224156462e-12,111.13221839046486,1.504396726892102e-10,9.36530513546114e-09,4.3716577691513305e-08,0.9999999864226683
TDAH,39,0.4146993141281596,1.6573814794215138,8.266388794069747e-12,115.79920265533455,8.843714797925251e-10,1.1450187970046361e-08,4.306428442445251e-08,0.9999999881897653
TDAH,40,0.3993085113316241,1.9050730421502038,7.978076595969894e-12,110.76476561801502,1.71837548729013e-10,1.2303499063464158e-08,3.95333300974151e-08,0.9999999848856835
TDAH,41,0.4402117514117238,1.6431413831352406,7.48888049747935e-12,120.31833797481387,1.4632760247092897e-11,6.3691087425972734e-09,3.8765305142654415e-08,0.9999999878493825
TDAH,42,0.4413420563463412,1.90857259685275,8.30310075034274e-12,121.22293427695132,1.8878342688460143e-09,1.006594877367468e-08,4.23178993253446e-08,0.999999988362606
TDAH,43,0.4609316813712597,1.5812347340740218,8.550172441369727e-12,122.01093473512266,5.531397574078783e-10,1.346773888477402e-08,3.9277102161602327e-08,0.9999999876841733
TDAH,44,0.4594259856486689,1.605692956329188,7.193452929645145e-12,110.27084051014002,2.890050697509389e-09,1.787547448897153e-08,3.789226069528866e-08,0.9999999905324647
TDAH,45,0.46024934744140883,1.6133557434763788,7.714714220422618e-12,118.68444066346959,1.751646901340499e-09,1.3477213976897819e-08,3.546649676633152e-08,0.9999999880107872
TDAH,46,0.3846795606216304,1.885413001095473,7.527865813419698e-12,114.97493416923967,4.171802827292957e-10,1.2263190259866237e-08,4.322022243917558e-08,0.9999999868566878
TDAH,47,0.4086366232518573,1.6611519110285935,7.161025216975541e-12,104.7357312747497,9.981060476040959e-11,6.979215784332026e-09,3.460912832343395e-08,0.9999999891523462
TDAH,48,0.4553817182394833,1.6643676947898924,8.289821522703239e-12,105.7669064213711,1.7744941766902767e-10,9.65113851432808e-09,4.412464618484491e-08,0.9999999867893297
TDAH,49,0.40233784595816097,1.5900983267434023,8.158579016338982e-12,114.92935820717906,1.7063410000126194e-10,9.030303178980754e-09,4.14505782009475e-08,0.9999999869633214
TDAH,50,0.39363070988436916,1.858756934806925,8.190821502693228e-12,112.66361555763426,7.284033569159417e-10,9.684888106042397e-09,4.024221585108471e-08,0.9999999885416387
TDAH,51,0.41687848780914105,1.743222387852975,7.487297408081725e-12,116.23142254888862,6.358919262494727e-11,8.75644064100986e-09,3.8468071501225655e-08,0.9999999871321928
TDAH,52,0.4159753589941684,1.8978077068994461,8.262941503110221e-12,115.38666833816814,1.4215292908081394e-10,8.70566033122729e-09,4.202740672286602e-08,0.9999999870817995
TDAH,53,0.4623457561429034,1.8008980293835792,7.1524973395304474e-12,114.25511454320295,1.7788508103703713e-10,9.104633743508483e-09,3.9961068918056823e-08,0.9999999875223694
TDAH,54,0.39218141839847137,1.7550838007751635,7.989671072150154e-12,103.3271262066226,2.0685868718849437e-09,2.140145989523418e-08,4.092088441681914e-08,0.9999999876647684
TDAH,55,0.4260674989661136,1.5858460644261363,7.523629329273683e-12,112.94287481899244,2.5470414259425282e-11,1.0202449815135816e-08,4.0125762561068856e-08,0.9999999862463973
TDAH,56,0.43529785560497675,1.6666238053581277,7.248442354861809e-12,120.21125192818836,1.9165128846814152e-10,9.237309267470867e-09,3.752528180604583e-08,0.9999999881658018
TDAH,57,0.3934550842480092,1.8164097068455571,7.46655107269167e-12,121.0647129401492,6.767130290685775e-10,1.1241448084417767e-08,4.211367650151158e-08,0.9999999875646025
TDAH,58,0.38335056080660534,1.8816497488366977,7.72893754775687e-12,113.30352053748234,2.7177882700183168e-11,7.373116432421852e-09,3.8491183406517163e-08,0.9999999881082843
TDAH,59,0.40452009391019067,1.6527806998035297,7.268641643210735e-12,120.3839168530289,6.390731171489472e-10,1.254283960480451e-08,4.15280398573697e-08,0.9999999879297009
TDAH,60,0.39030488006595515,1.8608578668448164,7.296212270271359e-12,116.31941790032069,2.373161642621294e-10,1.5898393062135e-08,4.80760140454466e-08,0.9999999824543798
TDAH,61,0.3843696014816148,1.9025566468310378,7.742841519235765e-12,119.1344307008407,5.6744918554623655e-11,7.910438301775065e-09,4.48608571148574e-08,0.9999999863093549
TDAH,62,0.4655422069266372,1.8432871733040892,8.235760789185713e-12,110.76084480869265,1.074513623423406e-09,1.3843321227149919e-08,4.178671092115802e-08,0.9999999883025498
TDAH,63,0.3979040008156571,1.5823515403462978,7.405893376678082e-12,102.46946831836286,5.619590417779069e-10,9.562407241861954e-09,4.0813565041657485e-08,0.9999999883697442
TDAH,64,0.405919860892704,1.8511981013609087,7.848058450467484e-12,109.83118361094921,2.2247554919682305e-11,7.3037223211935076e-09,3.789333505363262e-08,0.9999999871368189
TDAH,65,0.4463048239861808,1.654073628453074,7.645165098726095e-12,105.23723861663487,4.336571223825944e-11,7.019230760958327e-09,4.2468390643730606e-08,0.9999999873319342
TDAH,66,0.4050121707016883,1.8631459370969055,7.542701025810364e-12,106.1654701659101,1.7004051772511846e-10,9.819743698098663e-09,3.8030333644624936e-08,0.9999999868726863
TDAH,67,0.40342649304815015,1.8233879846302712,7.043962128256816e-12,116.87341016470394,2.0645942986424066e-10,1.0965045045219688e-08,3.349791054381703e-08,0.9999999879988398
TDAH,68,0.3903516792198747,1.7459014394919754,7.253233105688221e-12,112.46857468650832,2.1831243655218986e-11,8.436217180217297e-09,4.242550569693552e-08,0.9999999859467008
TDAH,69,0.45610687688421153,1.6532598884442542,7.932758993787882e-12,109.30596253758009,5.51840586407902e-09,1.3134932381351744e-08,4.566175193110111e-08,0.9999999886060199
TDAH,70,0.43182520870512636,1.8279793510097229,7.229127657789451e-12,104.5231465273308,2.7109228157656997e-10,9.076741527124504e-09,3.819154686984477e-08,0.9999999885037775
TDAH,71,0.4588492325353151,1.573896944516171,7.55893058901258e-12,118.01611478890327,2.711433116398747e-10,1.1359895311589528e-08,4.247648952982396e-08,0.9999999864014995
TDAH,72,0.44379267380812815,1.8805855953275015,7.267589031035035e-12,101.70024556177503,1.2276309209882567e-09,1.2931640306516402e-08,3.651032894476249e-08,0.999999989976868
TDAH,73,0.45163192133330293,1.6656021436167447,7.753369565891494e-12,116.3820855165059,5.040827269305804e-10,7.425430032744797e-09,3.677881193059962e-08,0.9999999895844237
TDAH,74,0.4506584317445705,1.7071306362014937,7.177394761030118e-12,119.35594253582995,3.375221908841819e-10,9.528773747309728e-09,4.004609759124678e-08,0.9999999883607035
TDAH,75,0.38729159721630557,1.6607268612939192,8.31167023499558e-12,101.74619300718521,1.8249396572426581e-10,8.963521598758809e-09,3.711252204863168e-08,0.9999999881086598
TDAH,76,0.4154526024058664,1.6361416311012908,8.316593445639354e-12,109.54210321241074,1.342944199937306e-09,1.2060138856634575e-08,4.025018765337214e-08,0.9999999884446037
TDAH,77,0.3945312210418373,1.7049710739991712,7.213218583613078e-12,110.54320782847115,1.7843364469887894e-10,9.770973666908004e-09,3.982442326398062e-08,0.9999999876017237
TDAH,78,0.42889935687268355,1.6921576545987436,8.547509589630785e-12,104.26897563650469,3.30548611661943e-10,1.2368298880558979e-08,3.517713781089289e-08,0.9999999871702651
TDAH,79,0.4007367340942098,1.7061373396679038,8.061143079852502e-12,116.12516547873952,8.908524489156606e-10,1.0545855145945253e-08,4.3874419511294694e-08,0.9999999873121977
TDAH,80,0.39854229135554414,1.7306892863605614,8.437130774891141e-12,121.06708300852306,5.707659521590382e-10,1.1135878368139478e-08,3.610973510046918e-08,0.9999999875823696
TDAH,81,0.45641066913520545,1.834572733867728,7.42336452229886e-12,114.09291329176096,1.1973335713491037e-10,8.09133615160505e-09,4.447895935613341e-08,0.9999999868225973
TDAH,82,0.4089756016371331,1.5918450412162002,8.008154686679225e-12,101.0768420766274,4.4899196895844e-10,9.879554911792385e-09,3.8361121393755664e-08,0.9999999888740033
TDAH,83,0.4191501453465257,1.579874755393219,8.061207022394524e-12,109.2649312823322,1.1160083095130085e-09,1.2573079403481072e-08,4.0916948655600614e-08,0.9999999886701215
TDAH,84,0.39869535177394627,1.5942275782616837,7.895132097929287e-12,104.55061716309793,2.7912878456225474e-10,8.85285714402274e-09,3.876463421135835e-08,0.9999999887769603
TDAH,85,0.4579511209306006,1.574990482733752,8.249832837465929e-12,118.27675109009627,2.7393946954086412e-11,6.638462657903703e-09,4.256344624710069e-08,0.9999999870133118
TDAH,86,0.4607446038516415,1.7265018188350312,7.118596355342712e-12,112.8090989480343,3.6376520257773896e-10,9.982106221900259e-09,4.179194552945132e-08,0.9999999871687336
TDAH,87,0.397452599045465,1.7777544113292947,7.581973060997367e-12,112.53645548098939,1.1559936615972937e-10,7.89574350461488e-09,3.5964891406582055e-08,0.9999999886094492
TDAH,88,0.3876716681924425,1.7783722170301668,8.37316331535153e-12,101.99719051964938,6.034406313327291e-09,2.5872098758235423e-08,3.8131884662179564e-08,0.9999999897676676
TDAH,89,0.4303015193423309,1.6530669702071512,8.256278794242052e-12,108.68434583836331,4.587841418163521e-09,1.2569508480560375e-08,4.040328269785863e-08,0.999999990063679
TDAH,90,0.3913287136589162,1.6451491109037106,7.835306704421564e-12,110.89137200770321,6.352518454578811e-11,9.554782514867781e-09,3.894559348445872e-08,0.9999999866444418
TDAH,91,0.3833821243638403,1.6128901595275922,7.508618368472669e-12,108.82419308282174,1.2828894959243518e-09,1.218266182120879e-08,4.100893171905043e-08,0.9999999881775495
TDAH,92,0.4147490300486657,1.7760585769577726,7.421748895158265e-12,102.00529299863616,2.074221607309216e-09,1.3782901559202316e-08,4.07413308305187e-08,0.9999999892104073
TDAH,93,0.4547634490474642,1.6408896154114252,7.470244615394263e-12,103.88876239256854,1.5445656695716422e-11,8.002832940927115e-09,4.121022360931354e-08,0.9999999864034956
TDAH,94,0.39070974331883296,1.6555429105720383,7.957785769214789e-12,117.23478531283376,1.0476945574348438e-09,1.0853882921833313e-08,3.847433172724085e-08,0.999999989498629
TDAH,95,0.4069164635803884,1.782662587915781,7.979632626981214e-12,120.96681213164705,1.4401343556716307e-09,2.2924590189024124e-08,4.289663307664122e-08,0.9999999839476068
TDAH,96,0.3993105581412603,1.7350473148342658,7.335590612302082e-12,114.75120152625003,3.909984917619777e-11,7.5196474657444e-09,3.9247628252844e-08,0.9999999873695767
TDAH,97,0.4072212692008541,1.9123304352805133,8.305800741439906e-12,106.65426853807026,6.165728084177668e-10,1.2612610584377592e-08,3.562547950480365e-08,0.9999999892289436
TDAH,98,0.41367037655654804,1.5930828476173373,7.903254872725789e-12,109.56878460389099,1.2472146513081829e-11,6.633781036142065e-09,4.1263890417050836e-08,0.9999999870022185
TDAH,99,0.4418514535395774,1.6408605694415324,7.23653396939948e-12,100.83039059235107,3.9122931784769266e-10,1.2608802785387756e-08,3.6634443515205985e-08,0.9999999863191493
TEA,0,0.7272770552809453,1.8549917566829095,1.2541162429300279e-11,94.35055567491227,1.06838454547344e-10,9.404908715684762e-09,4.5217763159639236e-08,0.9999999854309813
TEA,1,0.8183625181430831,1.5442543920531153,1.4637605208499812e-11,87.47429242756395,3.191000278016819e-10,8.55835053992784e-09,4.050916392045039e-08,0.9999999883524772
TEA,2,0.718778108070971,1.7992143813383992,1.4130626124758191e-11,100.19284441870207,3.8843858720965125e-10,9.425513937166648e-09,3.5144056505714865e-08,0.9999999898270694
TEA,3,0.8459509863671905,1.7794795511179398,1.4675257561204205e-11,87.49012370826956,4.049923520493754e-10,7.757024572183346e-09,3.4669874018807247e-08,0.9999999901166156
TEA,4,0.8668161481118097,1.7368381517333358,1.376240028651773e-11,92.11841620049302,2.9594087589654167e-09,1.4839253441856419e-08,3.9188527012636096e-08,0.9999999899328776
TEA,5,0.7932335135215048,1.856436555309757,1.3653049051368877e-11,90.42755691457256,1.6963592209446008e-10,1.0101947049333333e-08,4.4138533294943426e-08,0.9999999864980329
TEA,6,0.7231507129897659,1.6704877215790175,1.3646962215573086e-11,94.67730970605147,1.759894973822586e-10,1.170240022666278e-08,3.641398183989357e-08,0.9999999862396343
TEA,7,0.7764174435636081,1.6150682108830743,1.2842744423070244e-11,88.57578501238511,2.157121155476243e-11,6.335019048283798e-09,4.384427260355045e-08,0.9999999869991016
TEA,8,0.789790952806583,1.6017313472887724,1.4180112958190614e-11,95.56844434586253,1.3825618528828075e-10,8.49295654228842e-09,3.848546717629943e-08,0.9999999877889375
TEA,9,0.8100872220264607,1.7291564122349787,1.4139977877564948e-11,105.4670868983195,8.726811932414229e-10,1.1482769677481171e-08,3.9215180087391045e-08,0.9999999880769658
TEA,10,0.7567901410959804,1.5694266062517273,1.4451329702671943e-11,97.44733345999258,2.1611252057952946e-10,1.3012415864175026e-08,3.814849771902046e-08,0.9999999856275918
TEA,11,0.7824041728839972,1.7404035101892277,1.4518515967225212e-11,95.36287754631535,9.304280237321187e-11,8.643799847917901e-09,4.292931982258392e-08,0.9999999868073521
TEA,12,0.8331893626461176,1.5847135291566528,1.3550861523922161e-11,89.9254013641716,9.33233568805388e-10,1.0440750438102279e-08,3.765857815704135e-08,0.9999999889061187
TEA,13,0.8384799634684525,1.8758261822132372,1.2912634162622384e-11,101.60781009956757,6.270717903546238e-10,1.5385516553002103e-08,3.788252066171073e-08,0.9999999872196487
TEA,14,0.8312248888206589,1.7077031466568962,1.2812386923852461e-11,89.1256465313429,1.2594852474711758e-09,1.6274008620965326e-08,5.091075773074562e-08,0.9999999854260628
TEA,15,0.7196276079435472,1.5662341596141103,1.305491764659992e-11,87.79609965301164,5.855754493722967e-11,7.595012541623289e-09,3.814520672125861e-08,0.9999999881202736
TEA,16,0.785676140167403,1.730039297739561,1.3398215161746872e-11,101.78910591679369,3.105996962087163e-09,1.182658251265293e-08,4.6432753472960666e-08,0.9999999875849385
TEA,17,0.7229718255594629,1.8760496512309994,1.367537195006077e-11,88.86752293773145,5.675479419141604e-11,7.873619860874431e-09,3.992542290998269e-08,0.9999999871140236
TEA,18,0.791633623621824,1.8320927841064847,1.2342687820071559e-11,99.31913830332665,1.4264050481220194e-10,1.0199102510348263e-08,4.094679958270581e-08,0.9999999862565754
TEA,19,0.8209339137957495,1.6776576518510877,1.232102560583714e-11,99.43176872416376,8.869248508708866e-10,1.4791900618461976e-08,4.162624267918641e-08,0.999999987929954
TEA,20,0.7528668864038173,1.662744150890063,1.4634015261489085e-11,92.68226869707992,1.5653998542982357e-10,7.2180293299957676e-09,3.658859578900141e-08,0.9999999892794073
TEA,21,0.7854939195908275,1.8608755203757432,1.4810413979116098e-11,88.0220617088263,1.1128820144480721e-10,8.995303817154356e-09,4.0365149468603755e-08,0.9999999866474256
TEA,22,0.7867132028322712,1.6400731842910576,1.4041354610295147e-11,94.84298014914037,1.6195817965615944e-10,9.522823637576533e-09,4.31132819037994e-08,0.9999999866350753
TEA,23,0.814410182009992,1.6864363737742047,1.3329583551457574e-11,96.76981028925657,5.765900083726545e-10,1.1016662752772651e-08,4.470297888346488e-08,0.9999999873068092
TEA,24,0.7571169767397589,1.8753706138362103,1.3218333266786039e-11,87.33365831325864,1.8251583366660432e-11,9.30271949610013e-09,3.646276863128141e-08,0.9999999863357834
TEA,25,0.7267337723165144,1.8281002957952663,1.5025070955923e-11,99.28858104317537,3.470555037064341e-10,1.1578903400402903e-08,4.245706320933243e-08,0.9999999865140072
TEA,26,0.7900337022445986,1.6980066588689366,1.3109344046804137e-11,96.0245504549583,4.9040370618383546e-11,7.923191053836406e-09,4.337068522348501e-08,0.9999999866796143
TEA,27,0.7990626781356087,1.720648155984361,1.3508584266170666e-11,90.73975720788965,1.6706853006282107e-10,1.1096129780552774e-08,4.296262229928233e-08,0.9999999859821105
TEA,28,0.7260131557772523,1.7341634848677547,1.2572464752666447e-11,96.9488215243022,4.98375442414821e-10,9.291586592808704e-09,4.2432807078439375e-08,0.999999987593701
TEA,29,0.7327448015855474,1.7416367330648825,1.2707122654630745e-11,94.36153165869878,7.16516454703457e-11,1.0745535950512049e-08,4.692953827983811e-08,0.9999999845031744
TEA,30,0.7411850256963041,1.825875402612177,1.2970750232429257e-11,100.62562974128411,4.4463089286756335e-09,1.7590805731704186e-08,3.7024555753486856e-08,0.9999999906876241
TEA,31,0.8053422428827091,1.828183310072362,1.2539310002729866e-11,100.11064470194493,7.218970484018256e-09,1.3845021165451708e-08,3.6027345770614094e-08,0.9999999912401326
TEA,32,0.8115315103191492,1.8328240730725807,1.502475860872505e-11,104.25988243133537,2.238707940228759e-10,9.2301994673294e-09,4.675859124687384e-08,0.9999999862214299
TEA,33,0.8064376698463674,1.6231569298154074,1.3421467656393279e-11,103.78943618530644,2.4314681430371747e-10,9.51451192759036e-09,4.359703494791788e-08,0.99999998736028
TEA,34,0.7590154431641746,1.8075188061765712,1.4289838088665871e-11,99.06411406643065,1.0272226642532654e-10,8.52590965098424e-09,4.681733956023006e-08,0.9999999861077775
TEA,35,0.8536651495017558,1.7402960625460704,1.49423396728467e-11,87.63377299563665,6.677315046278323e-11,7.4468916087229014e-09,3.6960275348590076e-08,0.9999999885567704
TEA,36,0.7298815931855753,1.6711448487001797,1.2321283073427401e-11,93.6575936929355,1.0034324631918089e-10,7.410151092594703e-09,4.207275040194289e-08,0.9999999873749953
TEA,37,0.8353287484841023,1.8139757362893179,1.3064515336362656e-11,91.13233741795095,5.339006774774833e-09,1.6849528527097744e-08,4.282613997891252e-08,0.9999999894335877
TEA,38,0.8205260480846656,1.5586052442466154,1.4337999815611754e-11,91.65022065940165,1.5785062609400108e-10,8.298453823204322e-09,4.3150286296565754e-08,0.9999999873709705
TEA,39,0.7344397840628032,1.8135221981195015,1.3113214169262766e-11,103.01464224211873,1.8997465419099267e-10,1.1539182031039281e-08,4.5892902700585525e-08,0.9999999852862422
TEA,40,0.717924981885318,1.858339934133495,1.4526771025050864e-11,90.0917178204114,3.976852473106251e-10,8.711314234202423e-09,3.581222142504519e-08,0.9999999894530164
TEA,41,0.8029484231583898,1.832786434074217,1.465389387690449e-11,98.07100354904088,1.554778507538077e-10,7.159746590711122e-09,3.5234333272550056e-08,0.9999999895002648
TEA,42,0.8507377869870112,1.5502514996801764,1.3267146366706414e-11,96.37331401867634,3.152261579854557e-10,1.0424574986045613e-08,3.568481666026354e-08,0.999999987625647
TEA,43,0.7762450206113602,1.8645186204442254,1.3428892531314634e-11,97.16877756206175,4.455798903183079e-11,6.986251301825588e-09,3.8162842859495725e-08,0.9999999884670753
TEA,44,0.8728624766004364,1.6989076029352033,1.4950693214790413e-11,97.60767778987409,1.5850675309690343e-08,2.4635198270180106e-08,4.2369472484730994e-08,0.9999999934082147
TEA,45,0.8714889420734112,1.7703099190091185,1.3441067626208836e-11,99.28897096333792,2.324382660986033e-11,6.740916057535187e-09,3.819496558760772e-08,0.9999999882707419
TEA,46,0.8628239180672735,1.698836956833915,1.260918835719953e-11,101.1185017031726,5.081104134349111e-10,1.1595681726846474e-08,4.739819150090835e-08,0.9999999864079319
TEA,47,0.7318953431637149,1.7866625317618328,1.323145137155602e-11,93.655053116064,1.87316514835581e-09,1.2868898801843541e-08,4.821664884370605e-08,0.9999999864786682
TEA,48,0.7221429934168017,1.5650310926920323,1.3213909509074472e-11,100.75818402353983,2.3975488788082644e-10,9.859005627363797e-09,3.887461060415002e-08,0.9999999882681591
TEA,49,0.7824913287052357,1.6721571486009044,1.3027632790793697e-11,95.3680327076778,6.561966108773303e-10,1.0807133892344215e-08,3.609673009262179e-08,0.9999999899357491
TEA,50,0.8517919534063697,1.6797361923390652,1.2785501150504932e-11,94.07760565960547,1.0680518251936226e-08,1.7228949018890332e-08,4.16492962472567e-08,0.9999999902346958
TEA,51,0.7906501600898354,1.5849761439449646,1.2589030012423617e-11,90.62371793281245,2.3178979633360116e-10,1.176458097447002e-08,4.136286273738164e-08,0.9999999863710445
TEA,52,0.8301899166974247,1.5857302822932076,1.3779531064443839e-11,92.25347566464295,5.799590728111819e-10,1.1829286975414536e-08,4.0658216201473174e-08,0.9999999884891019
TEA,53,0.8417080336193467,1.8657413304129156,1.3454979555199517e-11,96.49626407571367,7.159714658615542e-10,1.0869936002163997e-08,3.884191735958703e-08,0.999999988266994
TEA,54,0.7988478255287466,1.7841855189955973,1.3194983533386043e-11,102.87867207896264,1.8406647045357965e-09,1.130442142659988e-08,4.18504000738632e-08,0.9999999890219603
TEA,55,0.8251430206843885,1.806309331135709,1.390884286188142e-11,89.66960653577765,5.786374968133301e-11,8.25630262813058e-09,3.6748488873972145e-08,0.9999999873699342
TEA,56,0.7182244037234691,1.5480075636852237,1.4391976114248792e-11,100.55130676154761,1.4197854866312516e-10,7.294532569331324e-09,3.4905689745892765e-08,0.9999999896279793
TEA,57,0.7749538812344259,1.811774581111177,1.419284777392103e-11,88.67016177486566,3.439532930782117e-10,1.0540263840904968e-08,4.249700001521509e-08,0.9999999873126889
TEA,58,0.8387599725896204,1.737009016358105,1.4238687454421397e-11,91.62885191452047,2.6842928542566584e-10,9.808410311040036e-09,4.07742235413895e-08,0.9999999881336689
TEA,59,0.7281076230261662,1.538746617682216,1.2848448921749933e-11,101.24888843626384,3.781973540258319e-10,9.85236574889656e-09,4.001197710805637e-08,0.9999999873242164
TEA,60,0.7579861748183937,1.874126245236509,1.3558635250096454e-11,95.6041291047189,2.4764477438149925e-11,7.434565151165637e-09,3.7399900781355176e-08,0.9999999884032792
TEA,61,0.7785074806952831,1.7269029619028753,1.248697478348761e-11,100.78377567660058,9.699410821935015e-10,1.2233567777607981e-08,3.9054784166679685e-08,0.999999988334238
TEA,62,0.7383794904278633,1.6465894897330708,1.2618373464581734e-11,105.5505026988914,1.3203435847823995e-10,7.87085297699705e-09,4.058954346598362e-08,0.9999999881211236
TEA,63,0.7393368878560067,1.5412431860744875,1.3020659851133504e-11,98.75808761612512,3.907539656196989e-10,1.1350062160838415e-08,3.603146733831203e-08,0.9999999884352967
TEA,64,0.7673007452032748,1.8142492574584403,1.3513220926947362e-11,102.30274902978374,8.008056180575354e-11,7.239031613776311e-09,4.0329435001910006e-08,0.9999999881391591
TEA,65,0.8503992783382126,1.8266693397295932,1.2409596950047194e-11,89.32198893653496,2.2641974764127903e-10,8.533784398436698e-09,3.602842956049035e-08,0.9999999892314121
TEA,66,0.825312595497618,1.590297088467327,1.3057120664425351e-11,105.15485682618963,1.844330744232399e-11,6.318143819290846e-09,3.874265623736262e-08,0.9999999880475415
TEA,67,0.8596869290076601,1.717487151791687,1.470092220573138e-11,98.13852714954542,6.334382524789223e-10,1.0100268596144509e-08,3.935768103861211e-08,0.9999999888178804
TEA,68,0.8684481892312292,1.7371245974359713,1.4760149073872303e-11,101.52818128482129,1.0037335412995604e-10,9.185217278720376e-09,4.700996760850625e-08,0.9999999857066069
TEA,69,0.7770435997039057,1.6283346155623752,1.433843075298888e-11,97.6794674417865,1.741060947859245e-10,1.014819278247319e-08,3.8183122501053814e-08,0.9999999877624409
TEA,70,0.8621666718381696,1.7532348438361485,1.4186242211213658e-11,105.95810919117508,1.6733201705282577e-10,8.283328429496946e-09,4.0652728352226534e-08,0.9999999878332185
TEA,71,0.7739608656272124,1.7609791960437644,1.464119126799197e-11,96.48524628938739,4.782129775387129e-10,1.152457127520825e-08,3.7810430533785814e-08,0.9999999877470801
TEA,72,0.8041828848561083,1.6814972890889874,1.4322731488950402e-11,102.01482771623417,6.743945060661217e-10,1.3616744571974367e-08,4.44994806524898e-08,0.9999999868369391
TEA,73,0.856862956706381,1.583944524396832,1.4391948697445363e-11,90.95603607367659,1.4867937297828575e-09,1.4622062721566311e-08,4.041666085568865e-08,0.9999999883911047
TEA,74,0.8047920254095609,1.7146625603245371,1.4059672290095873e-11,102.47824802066589,5.151001893131781e-09,1.7105075023344404e-08,4.300624436522363e-08,0.9999999888963086
TEA,75,0.8300031764938444,1.7494790034468384,1.5038011215883108e-11,91.5310473758296,2.3575431437159464e-11,7.895735649278388e-09,3.7873468314515325e-08,0.9999999867563172
TEA,76,0.8084726797179632,1.7736372811832244,1.2462269711317354e-11,104.1680549852606,8.802073552652939e-11,6.8521985270856366e-09,4.064435486293657e-08,0.9999999880233069
TEA,77,0.7695039143616013,1.712110396124126,1.2678045884442941e-11,90.48266793553016,1.2114681012095603e-10,7.612942085260199e-09,3.5663482944581054e-08,0.9999999889341037
TEA,78,0.8178747118617922,1.7698080308129673,1.4701528838551055e-11,92.68534510074652,1.8887556848291833e-10,9.651188111085213e-09,4.0140102404889035e-08,0.9999999869162897
TEA,79,0.7359643039431533,1.8649304012115235,1.4975696571636164e-11,97.63208094246673,2.5532399611830494e-09,1.5281067702417276e-08,4.7891550131009916e-08,0.9999999874598359
TEA,80,0.7515660434286826,1.6215747936842124,1.4028733242275716e-11,89.44005420974638,6.166201549731691e-11,7.4316439712882506e-09,4.804989161712478e-08,0.9999999858107256
TEA,81,0.8339178033925851,1.702303443866267,1.3046941696159179e-11,101.05028660291845,1.168865172425984e-10,9.892274435853857e-09,4.04252915807931e-08,0.9999999870978932
TEA,82,0.7366141403753552,1.7742528953121321,1.4361671010613535e-11,99.17280423321262,4.422806842173295e-11,1.0069077654992639e-08,4.009882661416659e-08,0.9999999863709059
TEA,83,0.8380504341710133,1.5847331304118686,1.2335685641407802e-11,101.73649559218012,8.343741709766161e-10,1.1689002393765555e-08,3.539079241460344e-08,0.9999999902921862
TEA,84,0.7738933679577524,1.6472402273739875,1.4192805192829406e-11,90.66459956404148,5.3456729521759565e-11,7.917275678619352e-09,3.49672181833522e-08,0.9999999880429694
TEA,85,0.7562601390425189,1.7856429856402725,1.330573040505519e-11,97.08822379904706,1.348471668383412e-09,9.428409207974966e-09,3.831026898937943e-08,0.9999999894890853
TEA,86,0.8023356614877213,1.5384373324798408,1.4584131232383216e-11,98.84934360198342,2.4632750759712632e-11,1.0403145750230959e-08,3.952103128161594e-08,0.9999999857667679
TEA,87,0.8385878560047911,1.8689346306679124,1.449681652032442e-11,99.94154246293856,2.1221762427991258e-10,1.1024595991883096e-08,3.9341465711060734e-08,0.9999999859451616
TEA,88,0.7194409701512471,1.8495986547002563,1.4297222832331187e-11,104.78018366136264,4.413322070549461e-11,8.40322813809926e-09,4.0134635120142393e-08,0.999999986177365
TEA,89,0.8494475881742174,1.6875198035345655,1.3190064532263291e-11,97.83374803624903,1.5340622244414377e-11,6.802394551748803e-09,3.635476452862649e-08,0.9999999887836407
TEA,90,0.8612733693297213,1.8435587428772153,1.2620656777669917e-11,102.54223823319958,5.933313360317795e-10,9.07575106690625e-09,3.5116893110137734e-08,0.999999989801689
TEA,91,0.7749220202486742,1.6104400482697883,1.3020283386599494e-11,89.9126250556858,4.952919195609281e-09,1.3310651070967625e-08,4.172748820981927e-08,0.9999999895829158
TEA,92,0.8629128960610253,1.7423466124547629,1.2900138833414642e-11,95.3130836755924,3.303216450996635e-09,1.2520091204683905e-08,3.5694095147200366e-08,0.9999999895290496
TEA,93,0.840923409052915,1.7088526570587403,1.4083020940545822e-11,105.01260648988172,1.7358555076989975e-10,1.0537377596570418e-08,3.990678404859704e-08,0.9999999871970388
TEA,94,0.8277301459252557,1.7633232653098676,1.3841659349229529e-11,100.11642154230793,6.408789238971248e-11,8.974847899264046e-09,4.323889101622199e-08,0.9999999864359208
TEA,95,0.8611255029591277,1.5558613466983047,1.4895708435470583e-11,91.87185049779362,1.1520595352726469e-10,1.0828291005287293e-08,3.798534943562727e-08,0.9999999864780915
TEA,96,0.8277030157854114,1.765768051137122,1.33971270005858e-11,92.91155237020575,2.612862048846544e-11,7.559188236220287e-09,4.038900708707498e-08,0.9999999871472599
TEA,97,0.7173253032380337,1.7071974953283067,1.2756930553368751e-11,90.13549456006926,4.3680924868728856e-11,6.973519980601396e-09,3.979254400332259e-08,0.9999999876950371
TEA,98,0.765693209687064,1.5900376210149552,1.478986118377129e-11,88.64476819318872,1.0767668887709809e-10,1.394614361845145e-08,4.156089030994521e-08,0.9999999829150922
TEA,99,0.8482989058724716,1.8619023038561693,1.4658346688275364e-11,95.76425430590874,2.9258460113404384e-10,7.815143423196396e-09,3.801922491378606e-08,0.9999999887647085
Superdotado,0,0.870829395716524,1.7295273760761045,3.2396379254333353e-12,88.45548909937756,1.5426732432280647e-10,9.413935238014849e-09,3.9650637999248066e-08,0.9999999876245199
Superdotado,1,0.9,1.6311157606338471,2.891347318675448e-12,86.89514846591393,1.7714979215395955e-10,9.860635324764915e-09,4.6373281560092564e-08,0.9999999859936539
Superdotado,2,0.8609417434658805,1.5279982560338252,2.920611624778732e-12,87.16942397762284,1.471514412029799e-10,1.0134912651721339e-08,3.669120650512621e-08,0.9999999874144655
Superdotado,3,0.9,1.7483150079425385,2.8567449592797647e-12,83.08606671589698,2.4195380076509605e-10,1.0534563073798633e-08,3.754176085247189e-08,0.9999999879692346
Superdotado,4,0.884042027849713,1.8530210175023254,2.8728310773092627e-12,99.5811188608806,7.759640985715616e-10,1.3048345253611173e-08,3.924657342047793e-08,0.9999999881859584
Superdotado,5,0.886536406579863,1.5244231992432478,3.27426324474536e-12,89.05570799216308,1.6474580187438606e-09,1.1189308041706593e-08,4.633212605067546e-08,0.9999999867729394
Superdotado,6,0.8868754449631081,1.7369149949211269,3.1178244536843488e-12,97.46806996829051,2.803087902001363e-10,1.0472886697745004e-08,3.9658517071727636e-08,0.9999999869606928
Superdotado,7,0.8816782358504254,1.7011529555860545,3.262560379996856e-12,99.39722420871561,5.610740373283158e-10,1.087484286526086e-08,3.833419650833936e-08,0.999999988927677
Superdotado,8,0.8417542347691327,1.566303054826234,3.1993891249497064e-12,97.70386675787414,2.3860524771945287e-10,8.355276011936519e-09,4.006682150938376e-08,0.9999999881633804
Superdotado,9,0.8554923757933387,1.6833051029712534,3.0326612656558597e-12,87.96487735446433,2.941567876750978e-11,8.666132011041796e-09,4.270567100375242e-08,0.9999999863352331
Superdotado,10,0.9,1.7023456035738576,3.2239202102630556e-12,90.03818856634926,6.296406096293373e-11,7.814718300862781e-09,3.951211207254256e-08,0.9999999879088503
Superdotado,11,0.9,1.739820169356386,2.9966502093810843e-12,89.95012353726605,3.925152861177603e-11,6.8251030957527176e-09,3.824657152143969e-08,0.9999999883951566
Superdotado,12,0.9,1.654085136362766,2.833609311192784e-12,86.51150592457,1.2130144319219748e-10,9.88723566144146e-09,3.7310534189695496e-08,0.9999999874895918
Superdotado,13,0.9,1.7410020470967227,3.0019019588009443e-12,98.60735699602512,1.3831992452333828e-11,6.504120136786471e-09,3.962430281021073e-08,0.9999999876993703
Superdotado,14,0.775148842991996,1.587109165939153,3.3594888497420275e-12,98.24283051494852,4.758100382939521e-11,7.629575988473007e-09,4.218885385583356e-08,0.9999999867934595
Superdotado,15,0.9,1.5657166583328401,2.89906612135441e-12,87.8752045138019,2.429343506120626e-11,6.435668854735829e-09,3.5908696529309807e-08,0.9999999887365748
Superdotado,16,0.7885629746395972,1.6326290395308525,3.0224835589450818e-12,86.65495455341554,3.2452735672409585e-11,7.386212993472945e-09,4.1247713111617844e-08,0.99999998729379
Superdotado,17,0.8751247456098511,1.7384754873432118,3.0654543383469523e-12,98.2653159193152,2.2117573222816963e-10,1.08339277153236e-08,3.7018895006434524e-08,0.9999999877636511
Superdotado,18,0.8985383902963463,1.633396193375144,3.000340681440434e-12,89.8923210555478,3.963775556751147e-09,1.3175540928928651e-08,4.1046333451435936e-08,0.9999999892519168
Superdotado,19,0.8982699365754401,1.6128519020030165,2.8285857072552473e-12,86.29457459185316,1.2488905416227562e-09,1.85577192496814e-08,3.893651201760961e-08,0.9999999875860349
Superdotado,20,0.7959892599674889,1.783927758079765,3.055472088943396e-12,96.31255896895271,2.6934671919808756e-10,1.0537183256271483e-08,3.957334758274544e-08,0.9999999876663396
Superdotado,21,0.8966215133619362,1.6199013173286139,2.858662481890381e-12,92.7097151790636,1.2620366453375521e-09,1.0846142878120061e-08,4.134375390546267e-08,0.9999999887794991
Superdotado,22,0.9,1.7056423829667657,3.1686350232181307e-12,88.68145537535139,9.618412383565231e-09,1.2407519279748314e-08,3.876631758775018e-08,0.9999999908793543
Superdotado,23,0.83851748204041,1.5919440653183181,2.9808157558131073e-12,89.46726492777476,4.832498972385692e-10,1.0742524452585774e-08,3.847898438332784e-08,0.9999999885438985
Superdotado,24,0.880480264690759,1.6988254836969614,2.9322988054807336e-12,85.63025566907214,6.285404777738068e-10,1.0722822144121265e-08,4.2268515553814116e-08,0.9999999878940952
Superdotado,25,0.7892328036690073,1.7879529177234867,3.0637787745223264e-12,99.28761289057277,3.9710777756020847e-10,8.31573846406868e-09,3.640326480223339e-08,0.999999988955539
Superdotado,26,0.8744400837748609,1.749536196073751,3.1081055331941497e-12,92.2696029606899,2.2255326380516133e-09,2.1676965642746436e-08,4.0830943638425496e-08,0.9999999870238281
Superdotado,27,0.858323319381167,1.7018107241870253,3.1476212657666665e-12,87.55086855131199,1.8491017107618136e-10,9.039428798291442e-09,3.8252737904702124e-08,0.9999999880069094
Superdotado,28,0.840827432980591,1.6271180492286617,3.068805888535189e-12,95.25384097712752,2.19207668789206e-09,1.2493700364555165e-08,4.119794890189848e-08,0.9999999896398556
Superdotado,29,0.8280449723255983,1.6250316155693225,3.415336322902128e-12,89.58701840525339,1.346411437183422e-10,9.830779425197456e-09,4.463660309970782e-08,0.9999999862514741
Superdotado,30,0.8337464685580294,1.8381145598448443,3.087007325004724e-12,89.15076826163467,5.945023062023579e-10,1.2721945000449672e-08,4.0611093837239955e-08,0.9999999881241161
Superdotado,31,0.8933038887257859,1.608070733627241,3.079548796067177e-12,96.7651814945273,1.860409490772729e-11,5.906622019636869e-09,3.685089161851234e-08,0.9999999886986836
Superdotado,32,0.9,1.8530954289061696,2.9004679761527312e-12,95.2869079660665,7.382473196464099e-11,9.735592816999046e-09,3.630599846629056e-08,0.9999999879657889
Superdotado,33,0.8797077879125011,1.6968216933483968,3.3363685246553692e-12,93.0396941697137,2.2264112625201175e-10,1.2078590487569122e-08,3.958935525254522e-08,0.9999999861845428
Superdotado,34,0.8923995539327423,1.7562260824164093,2.9482536365466006e-12,89.99462548644051,3.711886895198659e-11,8.755751780471496e-09,4.445229154163608e-08,0.9999999859031445
Superdotado,35,0.8970609963816849,1.7617078824720012,3.0242820545899033e-12,92.34870805594963,8.75406075143412e-11,9.325070475010247e-09,3.49591543112321e-08,0.9999999873600701
Superdotado,36,0.8084184854461491,1.5399550251618557,2.937342315634221e-12,92.03577565931117,1.3488672744995085e-09,1.0689332998260486e-08,3.673335060735651e-08,0.9999999898551853
Superdotado,37,0.835365422600417,1.6352906200545896,3.0871718122499244e-12,89.12415180122422,1.3049927904793452e-09,1.079548960858041e-08,3.774141098347327e-08,0.9999999898174669
Superdotado,38,0.9,1.7479437307931436,3.0091402994380693e-12,89.50271502365929,2.158254997392732e-10,8.508825671867868e-09,4.147979335176328e-08,0.9999999880077376
Superdotado,39,0.8773702332754236,1.6745460052448602,3.402665789503781e-12,89.50026828510525,1.0041312618846474e-09,1.1083704057710606e-08,3.4586482314223704e-08,0.9999999899820656
Superdotado,40,0.7931708801976138,1.7990131203537034,3.0219556158246324e-12,96.99843449633299,8.456490191544391e-10,1.509726348421947e-08,4.346510775179303e-08,0.9999999863014901
Superdotado,41,0.9,1.6629935938432252,3.379203450764219e-12,96.61142882373315,1.6587770222392295e-09,1.2360376555203346e-08,4.13264256794402e-08,0.9999999887042837
Superdotado,42,0.8257998836065027,1.5330462372204756,2.8596548528367204e-12,99.45126829498305,4.956945943262343e-10,1.1480165104798503e-08,4.116524300451232e-08,0.9999999879544584
Superdotado,43,0.883413845182125,1.5361756630488699,3.3437715426997996e-12,96.1767525304508,4.0058008956748733e-10,1.1176584123447572e-08,3.818752731089622e-08,0.9999999880487186
Superdotado,44,0.8996647424146694,1.5344947000290061,2.996593298681477e-12,82.96002460591264,1.2108008863169052e-10,9.541645688356895e-09,3.676280756662954e-08,0.9999999879169678
Superdotado,45,0.8315728197813588,1.564059876182576,3.35553205257681e-12,93.28256911507485,6.691541387697099e-11,8.683822094867948e-09,4.3784339684459044e-08,0.9999999862016993
Superdotado,46,0.8262896778605773,1.5673400238626403,2.9764799737022435e-12,93.03514871422084,4.8499884515619434e-11,1.0474251266758328e-08,4.712381135385253e-08,0.9999999836993538
Superdotado,47,0.782622609430693,1.6651356119977476,2.9725518796835222e-12,90.54417943961587,7.628247907920099e-09,1.728693899441391e-08,4.183596550286794e-08,0.9999999905449631
Superdotado,48,0.7798024571060429,1.7245198263396544,2.8288380646295135e-12,83.91075846799356,1.217816861545889e-10,1.0450125910188282e-08,4.740185389062261e-08,0.9999999852830934
Superdotado,49,0.7850062155797883,1.5591583835540272,2.949460410727208e-12,94.792827623357,7.945645466526473e-10,1.1605866906888211e-08,3.683114502410131e-08,0.9999999891115284
Superdotado,50,0.8919496953004641,1.6083050511572328,2.9647231534786064e-12,96.22267785026511,1.511206254043671e-10,6.6104578432895036e-09,3.9830184930186594e-08,0.9999999884277674
Superdotado,51,0.8926675742643879,1.6994299336159266,2.956344266344582e-12,87.71922816229232,4.836536948322342e-10,1.1637546320966386e-08,3.9672361513381e-08,0.9999999882261225
Superdotado,52,0.7884913662754826,1.5868274612158468,3.0684054041508036e-12,86.88848763414597,5.399933424830762e-10,1.2421008617951697e-08,4.516551476987473e-08,0.99999998616576
Superdotado,53,0.7812869216739576,1.76355979630273,3.224427690697931e-12,93.49677804793008,6.829326054291516e-10,1.0003091178927325e-08,4.121598736639554e-08,0.9999999882017309
Superdotado,54,0.7938901243439739,1.5661788439844673,3.181836315548772e-12,98.97811844470762,5.319217860123763e-11,1.102638009411846e-08,3.831400414492557e-08,0.9999999853779025
Superdotado,55,0.8651012427603127,1.543510269746379,2.9411963676936626e-12,83.71493670339564,1.8630543705192223e-10,9.40064874094383e-09,3.851243279518895e-08,0.9999999873714617
Superdotado,56,0.7796005526074794,1.6495397265647276,3.1899425565031723e-12,88.00099665162327,1.4124267942114466e-09,2.4092616660279553e-08,4.7247058117391916e-08,0.9999999838822999
Superdotado,57,0.8194604905133852,1.8149144951401248,2.9624237835553243e-12,81.94845464568682,9.233327508081386e-11,9.563315043735395e-09,4.132725155404784e-08,0.9999999863547375
Superdotado,58,0.7899874237923067,1.6553110470458752,3.396976744926154e-12,89.99828430074331,7.087906773706996e-10,1.1136083205518348e-08,4.403743027777265e-08,0.9999999870288026
Superdotado,59,0.8442070739851827,1.5762490180184479,3.080847673877555e-12,96.51653309951648,1.1316490631646858e-09,1.2487092563604127e-08,4.089334891605882e-08,0.9999999887092427
Superdotado,60,0.8011092946466659,1.5706445140675485,2.9849791591816967e-12,98.97895561664309,2.1271296681586362e-10,8.472454573615323e-09,4.3770190079727316e-08,0.9999999872073316
Superdotado,61,0.8718341285416155,1.6493042899846861,3.0326578696103324e-12,88.92346009195857,3.3815281047728463e-10,1.0753762003519829e-08,4.5269781160000197e-08,0.999999985003799
Superdotado,62,0.7795050504080558,1.5930103631695471,3.0406341611632593e-12,94.90283221650226,1.0448660510433533e-10,8.414145474192154e-09,3.6234941471223074e-08,0.9999999884686158
Superdotado,63,0.9,1.5278453527731934,3.045410653092963e-12,87.25295368118545,2.6849353420521013e-10,1.0164912082596592e-08,3.6833314441122865e-08,0.9999999881168317
Superdotado,64,0.8413025884528909,1.538381408803179,3.111935226431495e-12,99.28088959848156,6.032436446355484e-10,9.872855806540164e-09,3.8523658986366093e-08,0.999999988639272
Superdotado,65,0.7976953853763125,1.8210810741948869,2.8731775845096632e-12,98.19570530925587,2.0320484240780147e-09,1.4277001882541624e-08,4.253307176264842e-08,0.9999999894820809
Superdotado,66,0.8249158594855837,1.6168665308269194,3.1162630230874684e-12,83.72896626516884,2.92382175779322e-10,9.101012279676775e-09,3.64904336411388e-08,0.999999988488225
Superdotado,67,0.8068634438907434,1.6019527940725742,2.8350341230833077e-12,96.9858354858441,2.0243921627436582e-10,8.097289190520041e-09,3.7851677356155404e-08,0.9999999888611505
Superdotado,68,0.802433334402938,1.560074744635347,3.282860570288459e-12,92.94382118962399,6.83978415320493e-10,8.919652364946952e-09,3.470037546417573e-08,0.9999999904749425
Superdotado,69,0.9,1.636941329277717,3.362181881222357e-12,92.14963858110966,1.390585330160966e-10,8.149056358478277e-09,3.7213533905226974e-08,0.9999999885123511
Superdotado,70,0.8968893177753976,1.798412672253316,3.1621977637323003e-12,97.41904779917934,5.990626995111114e-11,6.436089705902708e-09,4.0766562747923227e-08,0.9999999879148752
Superdotado,71,0.9,1.582882207163018,3.1549175609510823e-12,81.94409598634489,5.222789037576907e-11,7.637597703891613e-09,3.895783478216746e-08,0.9999999878814755
Superdotado,72,0.8393410983596479,1.5891559376790125,2.953258122721277e-12,84.92953493942993,2.037647317569424e-10,1.000250174496955e-08,4.589793937010896e-08,0.9999999863250923
Superdotado,73,0.8552849885849925,1.786042354835238,3.298673447479308e-12,86.16851695025055,3.2523482124245567e-10,9.935148470263708e-09,3.967616893425154e-08,0.999999988104484
Superdotado,74,0.9,1.7823733324318103,3.267103485061823e-12,81.8576604987574,1.220959914524654e-09,1.3283692812425449e-08,4.228086541857252e-08,0.9999999882639136
Superdotado,75,0.9,1.6860136917787056,2.8682110668635407e-12,82.99054648566853,6.699970958436536e-11,6.372542495875205e-09,3.595222024469955e-08,0.9999999893572707
Superdotado,76,0.9,1.668171835669339,3.1650114044064772e-12,90.14594707736457,3.016173914222239e-11,6.685973381608e-09,3.71800680156579e-08,0.9999999885807188
Superdotado,77,0.8067343863713284,1.8229926118563435,3.335949807405365e-12,92.03480492387078,9.428606236657242e-10,1.2021680126676915e-08,4.183564537608006e-08,0.9999999882305176
Superdotado,78,0.9,1.5939049549367907,3.090845324639258e-12,89.48740338428019,2.2342200555318805e-10,9.144440657104214e-09,3.8306296887441475e-08,0.9999999885251708
Superdotado,79,0.7925927464858437,1.8238124767429529,2.838319054340528e-12,89.0374366489808,1.9224138400715286e-10,8.080390610356046e-09,3.5411272865374254e-08,0.9999999892040387
Superdotado,80,0.8666059572813003,1.6155577117581559,3.3122545113962433e-12,91.23161151908464,1.6413060273240841e-10,8.438714669134249e-09,4.0360871064934256e-08,0.9999999879263047
Superdotado,81,0.877560807318744,1.6431532314202268,2.949476206364734e-12,97.00956859134637,4.894489314164057e-09,1.4016516237677705e-08,3.8291430249004314e-08,0.9999999906666966
Superdotado,82,0.8531105209951997,1.5658577521786878,2.832329048230715e-12,94.13691371283225,5.2169403074311176e-11,8.6875499263255e-09,3.8973989196540776e-08,0.9999999868982168
Superdotado,83,0.8492648453294651,1.8532378884653251,3.360005147330864e-12,83.33461544218521,6.299987334816831e-10,1.3131452205497176e-08,3.641650800654948e-08,0.9999999877658362
Superdotado,84,0.8966212571283508,1.7347990331818226,3.1457293578458794e-12,98.31051373068891,2.299358613522827e-10,8.436789872083785e-09,3.637588050621089e-08,0.9999999891181971
Superdotado,85,0.882285317147013,1.5649557430925767,2.9407261616495496e-12,84.44337994003342,7.305730435802991e-10,1.5555515490235e-08,3.5771826464155475e-08,0.9999999878157263
Superdotado,86,0.9,1.6522298632448225,3.105764563462379e-12,86.1729465467084,1.3781176813747155e-10,9.321007727828396e-09,3.3961543994708814e-08,0.9999999885745775
Superdotado,87,0.8264547367637515,1.7836422926821427,3.0864008960335215e-12,85.21308887971554,4.240003698639789e-10,1.0581504962909975e-08,3.791814659138891e-08,0.9999999885094039
Superdotado,88,0.9,1.6235090850650211,3.2122003921267837e-12,81.93362790177906,2.646464543534202e-09,1.2027500516067505e-08,4.057522945653777e-08,0.9999999889526535
Superdotado,89,0.9,1.6832029140281466,3.321149477986368e-12,91.4343405303843,1.9811344380989267e-10,7.799587221443854e-09,3.214292184021975e-08,0.9999999900540998
Superdotado,90,0.8323787478497731,1.7910110701892281,3.3192308405392028e-12,82.39213809980927,6.867521509778353e-10,1.078206245539245e-08,3.816319051004975e-08,0.9999999889113335
Superdotado,91,0.9,1.642140173435544,3.223725818834614e-12,93.52125553847455,4.139626125185213e-10,9.703500136612986e-09,3.997622098762348e-08,0.999999988764196
Superdotado,92,0.9,1.6109785489587862,2.860518234369657e-12,86.78974096754303,3.619639951990455e-11,6.664783367642403e-09,4.371748196358865e-08,0.9999999870931742
Superdotado,93,0.7920065932638348,1.8011112182063267,3.3491402196532674e-12,83.57566495592195,9.00465166787396e-10,1.1240297290999471e-08,4.184235742252147e-08,0.999999988357685
Superdotado,94,0.8422185967732568,1.5610148855837054,2.871267537270231e-12,94.15107891446057,2.0356973490584698e-10,9.807705038454323e-09,4.735637023615384e-08,0.9999999860875883
Superdotado,95,0.8384197403911067,1.6327125887277532,2.8292007936533866e-12,94.68678587195866,6.956155025591766e-10,1.4325675597100571e-08,3.5799120701316037e-08,0.9999999865585674
Superdotado,96,0.8302318344449574,1.7954911411736414,3.039561164335376e-12,93.7602000157473,5.039904151757449e-10,9.530133409940863e-09,3.821403853274531e-08,0.9999999887406442
Superdotado,97,0.9,1.6982322670968248,3.2668446875716458e-12,85.19796648583454,1.4090816975501691e-10,1.2301365211071812e-08,4.1555686961444014e-08,0.9999999862684374
Superdotado,98,0.8240668620917619,1.5365250319141999,3.402806160886565e-12,82.14615892905587,2.524938021343519e-11,5.459628888572634e-09,3.697283939503251e-08,0.9999999889417382
Superdotado,99,0.9,1.8170516493584654,3.0562026867702213e-12,82.7961310814215,1.4445912543507104e-10,9.283333344706326e-09,3.9518917499776254e-08,0.9999999878982616
